episode,worker,episode_cost,loss
1,0,715390.0,7587311.5
2,1,814695.0,9286093.0
3,2,1111310.0,19342032.0
4,3,991120.0,15016711.0
5,0,596467.5,4678996.5
6,1,916360.0,12785820.0
7,2,800002.5,8560312.0
8,3,870967.5,10733340.0
9,0,1027215.0,16330469.0
10,1,846795.0,10253845.0
11,2,742802.5,9149064.0
12,3,999967.5,14299914.0
13,0,912525.0,13134894.0
14,1,914330.0,11465246.0
15,2,831067.5,9054795.0
16,3,786492.5,8419114.0
17,0,1116340.0,17874560.0
18,1,803027.5,8344461.5
19,2,1053407.5,16313798.0
20,3,722352.5,7556796.5
21,0,907300.0,11133199.0
22,1,1092562.5,19642406.0
23,2,735935.0,8181007.0
24,3,893190.0,10171866.0
25,0,943562.5,15023091.0
26,1,800185.0,8619101.0
27,2,649545.0,6318466.5
28,3,887462.5,10387739.0
29,0,805975.0,7625389.5
30,1,674357.5,5728093.5
31,2,831805.0,10491746.0
32,3,763522.5,9148894.0
33,0,882645.0,10124461.0
34,1,764540.0,8770333.0
35,2,881837.5,12054152.0
36,3,729565.0,8506761.0
37,0,859255.0,10760639.0
38,1,565835.0,5157053.0
39,2,827257.5,9151892.0
40,3,1036577.5,16468824.0
41,0,803712.5,9133952.0
42,1,770035.0,8041010.5
43,2,895857.5,11039262.0
44,3,760110.0,8276305.0
45,0,713657.5,6922727.5
46,1,910980.0,14448355.0
47,2,643927.5,5402611.0
48,3,777287.5,9096288.0
49,0,789035.0,9952946.0
50,1,657497.5,6199130.5
51,2,728882.5,7369529.5
52,3,866137.5,11051536.0
53,0,979295.0,12857647.0
54,1,906950.0,12156534.0
55,2,939752.5,13082898.0
56,3,734587.5,9114564.0
57,0,1184777.5,20526546.0
58,1,800212.5,8378851.5
59,2,1117005.0,18384878.0
60,3,888602.5,10126828.0
61,0,885077.5,11212414.0
62,1,670865.0,5863705.0
63,2,1401195.0,30020958.0
64,3,943330.0,11489976.0
65,0,787527.5,9441739.0
66,1,1169470.0,21383494.0
67,2,1025490.0,14562846.0
68,3,841435.0,9785133.0
69,0,884875.0,11389638.0
70,1,869507.5,10771251.0
71,2,1009177.5,14876860.0
72,3,1089640.0,16076859.0
73,0,912537.5,11913163.0
74,1,929757.5,11827706.0
75,2,887287.5,10176347.0
76,3,1263745.0,22157244.0
77,0,832432.5,10748349.0
78,1,853382.5,10608035.0
79,2,912670.0,10962877.0
80,3,665322.5,6737189.0
81,0,809840.0,9267282.0
82,1,990852.5,16479009.0
83,2,750005.0,8064515.0
84,3,1044685.0,18172948.0
85,0,716422.5,8203501.0
86,1,917487.5,10428312.0
87,2,1155960.0,17800344.0
88,3,1012817.5,16381680.0
89,0,699835.0,6866403.0
90,1,920432.5,13203964.0
91,2,783055.0,9175832.0
92,3,881185.0,9063115.0
93,0,1009530.0,14410425.0
94,1,819107.5,10589359.0
95,2,881627.5,11873698.0
96,3,816207.5,9137345.0
97,0,863620.0,11074078.0
98,1,1094600.0,19800696.0
99,2,761805.0,9146447.0
100,3,917252.5,10615232.0
101,0,945465.0,13538666.0
102,1,828575.0,9369464.0
103,2,1031312.5,13894477.0
104,3,827267.5,10466451.0
105,0,764472.5,8728446.0
106,1,998460.0,14822830.0
107,2,460565.0,3401689.25
108,3,672330.0,5416201.5
109,0,798837.5,9550487.0
110,1,1292007.5,27346964.0
111,2,989575.0,13007778.0
112,3,731770.0,8764566.0
113,0,813725.0,9423012.0
114,1,871657.5,12629715.0
115,2,826895.0,9077324.0
116,3,1046825.0,14481334.0
117,0,751255.0,9190894.0
118,1,854145.0,10748604.0
119,2,1077717.5,18853688.0
120,3,1237482.5,24570142.0
121,0,785815.0,9016950.0
122,1,995877.5,13616273.0
123,2,1069047.5,16045027.0
124,3,855362.5,10173778.0
125,0,741825.0,7792059.0
126,1,605490.0,5457356.0
127,2,1019005.0,15427083.0
128,3,846855.0,9489957.0
129,0,779317.5,8541453.0
130,1,932625.0,11020003.0
131,2,1138630.0,21436064.0
132,3,710152.5,7200018.5
133,0,667755.0,6412079.0
134,1,762272.5,9806679.0
135,2,755550.0,7393449.0
136,3,702490.0,7462611.0
137,0,681125.0,7270269.0
138,1,746140.0,6941124.0
139,2,684780.0,6490170.5
140,3,846417.5,10481662.0
141,0,890950.0,11969562.0
142,1,724667.5,7314192.5
143,2,858047.5,8978267.0
144,3,815772.5,9890089.0
145,0,722060.0,7447432.0
146,1,944265.0,11567100.0
147,2,762950.0,9409319.0
148,3,925155.0,13089399.0
149,0,866522.5,10413479.0
150,1,797150.0,9307410.0
151,2,744985.0,7411511.0
152,3,895170.0,11882552.0
153,0,755537.5,6661114.5
154,1,783290.0,9446601.0
155,2,891247.5,11494690.0
156,3,808415.0,8699056.0
157,0,840127.5,10174865.0
158,1,759015.0,7641858.0
159,2,606455.0,5670453.5
160,3,717397.5,6649023.0
161,0,928755.0,15428179.0
162,1,843687.5,9577851.0
163,2,785067.5,9509568.0
164,3,893270.0,12085859.0
165,0,897095.0,12472395.0
166,1,775852.5,7899690.0
167,2,863152.5,10623824.0
168,3,669035.0,6677231.0
169,0,730642.5,7941155.5
170,1,829732.5,10195971.0
171,2,752322.5,7987266.5
172,3,772732.5,8682849.0
173,0,938732.5,12534244.0
174,1,694235.0,7716011.5
175,2,714187.5,7394492.0
176,3,871210.0,10772169.0
177,0,818257.5,9943349.0
178,1,692675.0,6320486.5
179,2,749867.5,8722612.0
180,3,881872.5,10817508.0
181,0,594240.0,5345647.0
182,1,814755.0,9025404.0
183,2,674927.5,7097301.5
184,3,814227.5,10425688.0
185,0,924472.5,13422631.0
186,1,648675.0,5324067.5
187,2,738172.5,7777310.5
188,3,571060.0,5088110.0
189,0,815850.0,8752085.0
190,1,614415.0,5678648.0
191,2,668357.5,5631104.0
192,3,753967.5,8405487.0
193,0,815340.0,10040862.0
194,1,745790.0,7788312.5
195,2,833690.0,10608072.0
196,3,895615.0,11993908.0
197,0,887325.0,11001445.0
198,1,1027482.5,14406655.0
199,2,765022.5,8106164.5
200,3,728527.5,7023054.0
201,0,486097.5,3587968.5
202,1,582735.0,5496234.0
203,2,739260.0,7880973.5
204,3,907237.5,11954365.0
205,0,629880.0,6087353.0
206,1,683515.0,5369977.0
207,2,686405.0,7092187.0
208,3,761080.0,8909224.0
209,0,936537.5,12593981.0
210,1,1049460.0,16040229.0
211,2,798322.5,9062825.0
212,3,790480.0,10494699.0
213,0,599492.5,5446704.5
214,1,535072.5,4892330.0
215,2,685000.0,5365106.5
216,3,814630.0,9172472.0
217,0,752630.0,8319120.0
218,1,606652.5,5421212.5
219,2,745487.5,7416137.0
220,3,714707.5,7527590.0
221,0,578455.0,4913765.0
222,1,672222.5,5886347.0
223,2,363775.0,1721496.125
224,3,709375.0,6335498.0
225,0,755727.5,8374880.5
226,1,725815.0,9507776.0
227,2,708882.5,7541273.5
228,3,859627.5,12025254.0
229,0,695602.5,6398386.5
230,1,654160.0,6052818.0
231,2,633972.5,6236643.5
232,3,649172.5,6720991.0
233,0,861027.5,9886421.0
234,1,1051040.0,16012379.0
235,2,997142.5,16032224.0
236,3,628772.5,5523359.0
237,0,856647.5,10389029.0
238,1,770747.5,8800129.0
239,2,563732.5,4474121.5
240,3,634722.5,5472102.0
241,0,718082.5,7039052.5
242,1,720645.0,8871767.0
243,2,961460.0,12505855.0
244,3,537800.0,4117108.25
245,0,634472.5,5714942.0
246,1,946950.0,10954141.0
247,2,473537.5,3717212.25
248,3,577900.0,4438706.5
249,0,630242.5,5108014.5
250,1,779182.5,9067913.0
251,2,698490.0,6726856.0
252,3,761737.5,8345331.5
253,0,728892.5,6902612.0
254,1,552575.0,4269954.5
255,2,609670.0,5729496.5
256,3,664122.5,5879613.5
257,0,519335.0,4297791.5
258,1,658975.0,6689550.0
259,2,737415.0,7505047.0
260,3,873530.0,10793168.0
261,0,587427.5,4539479.0
262,1,699567.5,7031627.5
263,2,527120.0,4333447.5
264,3,641640.0,5926127.5
265,0,675715.0,5750647.0
266,1,933580.0,15236268.0
267,2,549210.0,4352383.5
268,3,698167.5,7284457.5
269,0,630255.0,6389273.5
270,1,879802.5,13082652.0
271,2,542380.0,4139005.25
272,3,591327.5,4535046.5
273,0,748432.5,8980651.0
274,1,599665.0,5097795.0
275,2,761977.5,8986664.0
276,3,611180.0,5048000.5
277,0,775780.0,8519973.0
278,1,601747.5,5734127.5
279,2,653372.5,6728211.5
280,3,623697.5,5485934.0
281,0,847965.0,10670844.0
282,1,479675.0,3309863.25
283,2,620635.0,5506126.0
284,3,646897.5,6414654.0
285,0,568717.5,4940299.0
286,1,765087.5,9153196.0
287,2,556967.5,3688173.5
288,3,667985.0,6211261.0
289,0,630977.5,6111174.5
290,1,678697.5,6871022.0
291,2,638360.0,5812941.5
292,3,715232.5,7630213.5
293,0,877540.0,12310687.0
294,1,1030200.0,14775652.0
295,2,707860.0,7232125.5
296,3,875370.0,12252469.0
297,0,600992.5,5572662.5
298,1,917987.5,12209602.0
299,2,536087.5,3537050.5
300,3,646875.0,5721281.0
301,0,514335.0,3649562.25
302,1,626465.0,5466338.0
303,2,793495.0,9417130.0
304,3,474977.5,3244482.0
305,0,558530.0,5023645.5
306,1,697462.5,8318165.0
307,2,754952.5,8154969.0
308,3,573255.0,4140982.5
309,0,698920.0,7635744.5
310,1,647722.5,5408948.0
311,2,687825.0,6743403.0
312,3,974960.0,15452715.0
313,0,547207.5,4024663.75
314,1,836022.5,10616265.0
315,2,792445.0,8013731.0
316,3,769430.0,9121137.0
317,0,640195.0,6987811.5
318,1,782440.0,7879425.5
319,2,805157.5,8517892.0
320,3,658910.0,6464118.0
321,0,768235.0,9371877.0
322,1,560982.5,4307473.5
323,2,519635.0,4216421.5
324,3,702422.5,7329880.5
325,0,770772.5,9023566.0
326,1,778925.0,9505655.0
327,2,497247.5,3141040.25
328,3,443032.5,2773540.5
329,0,664595.0,7551844.5
330,1,725850.0,7269963.5
331,2,654370.0,5910183.5
332,3,653297.5,5608927.5
333,0,810052.5,10823174.0
334,1,801725.0,10438087.0
335,2,738042.5,8349665.0
336,3,727220.0,7855109.5
337,0,622987.5,5237437.0
338,1,736817.5,8061017.5
339,2,768467.5,8369171.5
340,3,679852.5,6579850.5
341,0,737840.0,8294293.5
342,1,584927.5,4774220.5
343,2,791587.5,7931189.5
344,3,778752.5,10072233.0
345,0,695850.0,7021889.5
346,1,655105.0,5553188.0
347,2,488405.0,3615287.25
348,3,729860.0,8605046.0
349,0,711550.0,7760209.0
350,1,546617.5,4707341.5
351,2,464292.5,3035346.0
352,3,706880.0,6316655.5
353,0,925677.5,11841282.0
354,1,608830.0,4339418.0
355,2,763402.5,7064566.0
356,3,800620.0,8967224.0
357,0,653682.5,5072689.0
358,1,733545.0,7578834.0
359,2,956720.0,13146378.0
360,3,600495.0,5108792.0
361,0,631047.5,5509165.5
362,1,724030.0,7536755.0
363,2,749682.5,7939017.5
364,3,613792.5,6429454.0
365,0,802327.5,7229557.0
366,1,832020.0,9731482.0
367,2,640905.0,6711591.0
368,3,882612.5,10374308.0
369,0,780807.5,9485070.0
370,1,611887.5,5031433.0
371,2,739542.5,8763724.0
372,3,655535.0,4767543.5
373,0,559172.5,4482606.0
374,1,591200.0,4240172.0
375,2,446797.5,2906385.5
376,3,573252.5,4127024.25
377,0,628880.0,5529142.0
378,1,911762.5,12263186.0
379,2,849945.0,10842004.0
380,3,583502.5,4469591.5
381,0,984367.5,15029400.0
382,1,609275.0,5068687.0
383,2,665152.5,6319184.0
384,3,592782.5,4688608.5
385,0,547855.0,3971272.0
386,1,757797.5,7855641.0
387,2,676972.5,6911023.5
388,3,508607.5,3884460.0
389,0,844057.5,10395767.0
390,1,606370.0,5956037.0
391,2,577382.5,4748494.5
392,3,564060.0,4093029.5
393,0,604480.0,6049777.0
394,1,694527.5,7414662.5
395,2,826265.0,8556021.0
396,3,669372.5,6784761.0
397,0,696507.5,6414979.5
398,1,577252.5,4677640.5
399,2,664912.5,6610323.0
400,3,716772.5,7604859.5
401,0,674017.5,7729022.0
402,1,544412.5,4328601.5
403,2,708795.0,7843550.0
404,3,501262.5,4077887.75
405,0,761027.5,7723715.0
406,1,523827.5,4922828.5
407,2,578630.0,4481167.0
408,3,823565.0,8847444.0
409,0,697355.0,6005708.5
410,1,555190.0,5385570.5
411,2,562435.0,4509099.5
412,3,590645.0,5136234.5
413,0,585667.5,5144015.0
414,1,724405.0,7049128.0
415,2,525552.5,3657592.5
416,3,652640.0,5506710.5
417,0,592955.0,4668704.5
418,1,602275.0,5187980.0
419,2,791972.5,8900914.0
420,3,515680.0,3657031.0
421,0,565750.0,4004753.5
422,1,504532.5,3408754.25
423,2,447145.0,2942755.5
424,3,525555.0,3737510.0
425,0,689910.0,7157603.0
426,1,577240.0,4207391.5
427,2,720125.0,6722978.5
428,3,592890.0,5259735.5
429,0,555847.5,5339662.5
430,1,670890.0,6743886.5
431,2,648260.0,5817308.5
432,3,912185.0,11167028.0
433,0,579437.5,5155619.0
434,1,820165.0,10690850.0
435,2,473295.0,3154272.25
436,3,771117.5,9191517.0
437,0,462962.5,3175073.5
438,1,719480.0,6976590.5
439,2,886282.5,10746237.0
440,3,669392.5,7454764.5
441,0,503015.0,3895486.25
442,1,825777.5,9445779.0
443,2,832047.5,9390252.0
444,3,668067.5,6821876.0
445,0,585845.0,4564684.5
446,1,522127.5,4443146.5
447,2,713392.5,7254768.5
448,3,587152.5,4490524.5
449,0,812682.5,9305894.0
450,1,470895.0,3235444.5
451,2,615035.0,5338724.5
452,3,631835.0,6464576.5
453,0,612892.5,6418944.0
454,1,647480.0,5825176.0
455,2,885792.5,10066669.0
456,3,491980.0,3366746.5
457,0,655880.0,5526472.0
458,1,707555.0,7184041.5
459,2,1051010.0,17707460.0
460,3,559102.5,5032884.0
461,0,681295.0,7732551.5
462,1,474220.0,3455039.75
463,2,547297.5,4376949.0
464,3,663585.0,5557163.5
465,0,758937.5,8203804.5
466,1,749722.5,9022023.0
467,2,615075.0,5398079.5
468,3,585800.0,4406136.0
469,0,556455.0,4720979.5
470,1,617705.0,5379107.5
471,2,715652.5,7674392.5
472,3,610905.0,5524373.5
473,0,753025.0,7166922.0
474,1,889960.0,11395177.0
475,2,702145.0,7872969.5
476,3,851725.0,11100957.0
477,0,700507.5,6648603.0
478,1,699397.5,7191084.5
479,2,632937.5,4965689.0
480,3,735695.0,7264595.5
481,0,704497.5,7309299.5
482,1,770877.5,8160887.5
483,2,455710.0,3149471.75
484,3,619407.5,6188887.5
485,0,724422.5,7293763.5
486,1,646710.0,6654080.5
487,2,561767.5,5342871.0
488,3,717417.5,7282996.5
489,0,621135.0,5354590.0
490,1,609852.5,4608679.5
491,2,777605.0,9376168.0
492,3,656517.5,6484241.5
493,0,510677.5,3616288.25
494,1,717572.5,6851064.0
495,2,817452.5,10438005.0
496,3,777290.0,9650471.0
497,0,658342.5,5583290.5
498,1,543440.0,4528106.5
499,2,644475.0,5446323.0
500,3,622627.5,6100430.0
501,0,729612.5,8568450.0
502,1,540852.5,4512883.5
503,2,625677.5,5124161.0
504,3,782572.5,9703744.0
505,0,669347.5,7143152.5
506,1,814582.5,11140074.0
507,2,647617.5,5832519.5
508,3,751522.5,7597258.0
509,0,763562.5,8631347.0
510,1,760037.5,8720394.0
511,2,754750.0,7648430.5
512,3,618310.0,4817298.0
513,0,599647.5,4951923.0
514,1,697777.5,7095002.5
515,2,591055.0,4757579.5
516,3,642212.5,6100757.0
517,0,776990.0,8734355.0
518,1,638197.5,6130896.0
519,2,605972.5,3874138.75
520,3,624770.0,4794357.5
521,0,569787.5,4852043.0
522,1,532207.5,4186301.75
523,2,717650.0,7830907.0
524,3,524627.5,3990602.75
525,0,602447.5,5336043.0
526,1,813067.5,9211220.0
527,2,648635.0,5692207.0
528,3,687015.0,7155196.0
529,0,691247.5,7061973.5
530,1,539305.0,4576539.0
531,2,549930.0,3846521.0
532,3,578742.5,5122309.5
533,0,571412.5,4622502.0
534,1,811085.0,9742654.0
535,2,649260.0,6206863.0
536,3,526197.5,4138809.5
537,0,622900.0,4745665.0
538,1,673200.0,6050970.0
539,2,702445.0,6624725.0
540,3,663290.0,6402868.5
541,0,609937.5,4689392.5
542,1,553287.5,4584057.0
543,2,628027.5,6091437.0
544,3,713155.0,8535119.0
545,0,682800.0,5849549.5
546,1,613802.5,5370518.5
547,2,760617.5,8371261.5
548,3,483272.5,2892215.0
549,0,629180.0,5584631.0
550,1,617542.5,5842564.5
551,2,658392.5,6596879.5
552,3,664440.0,6232005.5
553,0,569322.5,4782934.5
554,1,694417.5,7444990.5
555,2,562047.5,4932402.0
556,3,768742.5,8755511.0
557,0,573665.0,4542637.0
558,1,745087.5,7284783.5
559,2,725610.0,8549716.0
560,3,554632.5,4273936.5
561,0,730562.5,7330395.0
562,1,604377.5,5831266.0
563,2,726952.5,7666467.0
564,3,873527.5,9866383.0
565,0,799397.5,9710155.0
566,1,667470.0,6181433.0
567,2,940105.0,12480206.0
568,3,649692.5,5805385.5
569,0,687715.0,6378925.0
570,1,713122.5,6720320.0
571,2,716487.5,7381618.0
572,3,784927.5,8071770.0
573,0,574315.0,5022759.0
574,1,635352.5,5777432.5
575,2,643780.0,5489421.5
576,3,865767.5,10387159.0
577,0,776490.0,7806114.5
578,1,576557.5,5139626.0
579,2,591662.5,5015139.5
580,3,633160.0,6371133.5
581,0,652465.0,5703374.0
582,1,826220.0,8514774.0
583,2,737822.5,8651417.0
584,3,662395.0,6202714.0
585,0,619342.5,5772298.0
586,1,726347.5,7689261.0
587,2,425710.0,2664146.5
588,3,564225.0,4558873.5
589,0,495500.0,3395687.25
590,1,629690.0,5627076.0
591,2,614650.0,5338867.0
592,3,598827.5,5235814.0
593,0,561212.5,4315441.0
594,1,775595.0,9236727.0
595,2,805347.5,10057538.0
596,3,682105.0,7850694.5
597,0,611380.0,5464432.0
598,1,669635.0,6363814.0
599,2,509985.0,4023585.0
600,3,649782.5,5176697.0
601,0,531102.5,4262457.5
602,1,671645.0,7377868.0
603,2,831102.5,9565997.0
604,3,612765.0,5935066.0
605,0,619377.5,5281233.0
606,1,721722.5,6483744.0
607,2,652735.0,6537495.5
608,3,579655.0,5175910.0
609,0,577845.0,5260795.0
610,1,704595.0,6978169.5
611,2,600302.5,4232606.5
612,3,764960.0,7257088.5
613,0,734292.5,9750783.0
614,1,767637.5,7986406.0
615,2,853545.0,11397674.0
616,3,852992.5,11174873.0
617,0,594262.5,5900029.5
618,1,643947.5,6948629.5
619,2,671345.0,6455864.5
620,3,567975.0,4398664.5
621,0,870022.5,10441942.0
622,1,577442.5,4865516.0
623,2,669902.5,6009256.5
624,3,510365.0,3576972.5
625,0,732575.0,8445197.0
626,1,567715.0,5269085.5
627,2,580102.5,4630860.5
628,3,647850.0,6388260.0
629,0,677450.0,7223581.5
630,1,754700.0,8507473.0
631,2,681322.5,6463794.5
632,3,777242.5,8600578.0
633,0,556070.0,4309888.5
634,1,595467.5,5298605.0
635,2,690197.5,7028184.0
636,3,488417.5,2545418.0
637,0,770580.0,8754562.0
638,1,607515.0,5194683.5
639,2,489287.5,3379789.5
640,3,663710.0,5335647.0
641,0,849137.5,11293631.0
642,1,504970.0,3225668.5
643,2,636650.0,6137350.5
644,3,523707.5,5132757.0
645,0,463707.5,3735788.25
646,1,701790.0,7065968.5
647,2,630600.0,6490515.5
648,3,554230.0,4791654.0
649,0,679760.0,6400218.5
650,1,653172.5,5131819.0
651,2,658952.5,6133999.0
652,3,712440.0,9090207.0
653,0,618537.5,5299714.0
654,1,623037.5,7507573.0
655,2,601870.0,5662675.5
656,3,632502.5,5126339.5
657,0,676057.5,5893426.5
658,1,632102.5,6244511.5
659,2,488037.5,3762754.75
660,3,621852.5,6749885.5
661,0,867232.5,11713099.0
662,1,687510.0,5546291.5
663,2,622947.5,5495226.0
664,3,576945.0,5599972.0
665,0,794507.5,8668936.0
666,1,655265.0,5812287.0
667,2,778017.5,7499806.0
668,3,612195.0,4833672.0
669,0,769235.0,8844789.0
670,1,808945.0,7378853.0
671,2,827037.5,11203268.0
672,3,827465.0,11132719.0
673,0,606840.0,4567449.5
674,1,645722.5,6200059.0
675,2,642170.0,5384849.5
676,3,594897.5,4987794.5
677,0,736852.5,7609172.5
678,1,543077.5,4328940.5
679,2,809985.0,8318190.0
680,3,661167.5,6592805.5
681,0,803700.0,9490931.0
682,1,520335.0,3192796.25
683,2,697585.0,6994609.5
684,3,799510.0,9289165.0
685,0,608565.0,5687001.5
686,1,842020.0,11648386.0
687,2,625840.0,4588734.5
688,3,771852.5,8158155.0
689,0,817542.5,9947888.0
690,1,800410.0,10686755.0
691,2,859852.5,11343976.0
692,3,669415.0,6190178.0
693,0,857197.5,10775696.0
694,1,651667.5,6812267.5
695,2,616185.0,5917333.0
696,3,661145.0,6346080.0
697,0,729410.0,8260377.5
698,1,615917.5,4542782.0
699,2,788265.0,10655518.0
700,3,664245.0,6697949.0
701,0,748645.0,9699723.0
702,1,695505.0,7585402.5
703,2,622192.5,5865658.0
704,3,787832.5,10635601.0
705,0,968612.5,13527974.0
706,1,709210.0,7053263.5
707,2,595472.5,4700001.5
708,3,514062.5,4144037.0
709,0,531647.5,4565809.5
710,1,659400.0,7376939.0
711,2,599815.0,5585710.5
712,3,638715.0,5954297.5
713,0,824430.0,11388412.0
714,1,727332.5,8184643.0
715,2,643477.5,6364151.5
716,3,719200.0,7202114.0
717,0,496252.5,3634748.25
718,1,646545.0,6536213.5
719,2,723017.5,7447386.0
720,3,658237.5,6645719.5
721,0,641312.5,5697995.0
722,1,750360.0,9042554.0
723,2,734125.0,6887125.0
724,3,533330.0,4315498.5
725,0,675960.0,6936353.5
726,1,604297.5,5661117.5
727,2,618802.5,4788098.0
728,3,643320.0,5899437.5
729,0,616557.5,5563833.5
730,1,675597.5,5762667.0
731,2,731547.5,7844559.5
732,3,553110.0,4899780.0
733,0,571392.5,4476521.0
734,1,749212.5,7575471.0
735,2,569557.5,4593003.0
736,3,687490.0,8067865.0
737,0,629167.5,5670970.0
738,1,696332.5,6864411.5
739,2,693132.5,6458938.5
740,3,765797.5,8998575.0
741,0,866310.0,10231056.0
742,1,784440.0,9273554.0
743,2,553237.5,3986996.25
744,3,476697.5,3439332.0
745,0,597857.5,3788651.25
746,1,736360.0,7286230.5
747,2,699615.0,7033218.5
748,3,546710.0,3768180.75
749,0,854352.5,12116180.0
750,1,689957.5,7251120.5
751,2,471630.0,3521563.75
752,3,541957.5,4616147.5
753,0,555625.0,5149431.0
754,1,543082.5,5126405.5
755,2,541902.5,4360240.0
756,3,734725.0,8107128.0
757,0,673667.5,6313611.5
758,1,772500.0,9286054.0
759,2,717185.0,8170927.5
760,3,495605.0,3874233.25
761,0,634807.5,5813887.5
762,1,481567.5,3754179.25
763,2,587585.0,3967372.5
764,3,489857.5,3613245.75
765,0,600082.5,5817893.5
766,1,514837.5,3380886.25
767,2,557367.5,4887343.5
768,3,725960.0,9468376.0
769,0,551240.0,3736781.75
770,1,805747.5,10199824.0
771,2,411642.5,2589206.75
772,3,541100.0,4355834.5
773,0,406825.0,2627325.75
774,1,639707.5,7584025.5
775,2,699262.5,7471650.5
776,3,666075.0,7250857.5
777,0,591900.0,4958036.5
778,1,646282.5,5956915.0
779,2,622307.5,5399810.5
780,3,486965.0,3434285.75
781,0,630345.0,5803772.5
782,1,463232.5,2761300.25
783,2,654855.0,5302632.0
784,3,440795.0,2828893.0
785,0,521017.5,3722344.5
786,1,737575.0,8872645.0
787,2,563622.5,3602493.0
788,3,707345.0,7166197.5
789,0,642432.5,6084286.0
790,1,538257.5,4827610.5
791,2,645482.5,6059350.5
792,3,492662.5,4102330.25
793,0,526457.5,3739336.75
794,1,547032.5,4624734.5
795,2,608487.5,6118040.5
796,3,549625.0,4063497.25
797,0,495517.5,3150856.25
798,1,521892.5,4252867.5
799,2,499937.5,3792912.25
800,3,683360.0,6157335.0
801,0,545805.0,4586690.0
802,1,537142.5,3973437.0
803,2,679642.5,6270508.0
804,3,501847.5,4300368.0
805,0,596957.5,4494819.0
806,1,613257.5,6373979.5
807,2,546057.5,3802876.25
808,3,593972.5,5638258.5
809,0,453017.5,2695630.75
810,1,644205.0,6719876.5
811,2,730325.0,8005527.0
812,3,811070.0,11328312.0
813,0,642755.0,6822102.0
814,1,688810.0,7968352.5
815,2,628310.0,5133900.0
816,3,688702.5,6574601.0
817,0,838617.5,11217309.0
818,1,502835.0,3502952.25
819,2,777200.0,9658001.0
820,3,497920.0,3524156.75
821,0,804152.5,10848110.0
822,1,682330.0,6038319.0
823,2,408305.0,1886911.625
824,3,625790.0,5600638.0
825,0,527035.0,3396348.0
826,1,552527.5,4480017.5
827,2,581162.5,5692594.0
828,3,684855.0,7552407.0
829,0,702002.5,8228551.5
830,1,717705.0,8142002.0
831,2,540420.0,4340226.5
832,3,560755.0,4147283.0
833,0,562907.5,3799084.75
834,1,674207.5,6359734.5
835,2,537812.5,3360747.0
836,3,633092.5,5063511.0
837,0,462500.0,3300339.0
838,1,839020.0,12711721.0
839,2,766327.5,9246481.0
840,3,668882.5,6293933.0
841,0,724670.0,8993505.0
842,1,747550.0,9112268.0
843,2,572907.5,5480216.5
844,3,568885.0,4794338.0
845,0,639055.0,7404040.0
846,1,565612.5,4189739.0
847,2,737617.5,8701119.0
848,3,440145.0,2957624.25
849,0,653075.0,6215077.5
850,1,598700.0,5946795.0
851,2,623520.0,6634013.5
852,3,603192.5,5945529.0
853,0,633577.5,5967717.0
854,1,782785.0,8982343.0
855,2,681035.0,6841086.0
856,3,684840.0,7096111.0
857,0,783117.5,10265154.0
858,1,578557.5,5055445.0
859,2,792505.0,10796303.0
860,3,569690.0,4281360.0
861,0,738370.0,8951327.0
862,1,635635.0,6314242.0
863,2,911715.0,13193388.0
864,3,764552.5,8603510.0
865,0,841442.5,10970388.0
866,1,860452.5,12041239.0
867,2,735032.5,9047799.0
868,3,759937.5,8831987.0
869,0,775657.5,9812976.0
870,1,611372.5,5141995.5
871,2,673252.5,7097040.0
872,3,847047.5,11289019.0
873,0,544230.0,5264740.5
874,1,458075.0,3447286.5
875,2,888375.0,12592540.0
876,3,768462.5,9249457.0
877,0,803902.5,10355907.0
878,1,508732.5,4005950.25
879,2,791130.0,10673163.0
880,3,545472.5,4456264.0
881,0,725972.5,8644528.0
882,1,713037.5,8141154.0
883,2,574155.0,5306344.5
884,3,772830.0,9578354.0
885,0,593132.5,5972431.0
886,1,687960.0,6897894.0
887,2,787810.0,10323052.0
888,3,729307.5,9092696.0
889,0,749585.0,9864678.0
890,1,611365.0,6398554.5
891,2,734840.0,8247955.5
892,3,818435.0,9286731.0
893,0,556377.5,3912800.75
894,1,691332.5,7371021.0
895,2,645467.5,6864339.0
896,3,671652.5,6689727.5
897,0,892597.5,12561493.0
898,1,823415.0,10132944.0
899,2,787815.0,9676168.0
900,3,735425.0,8580083.0
901,0,592835.0,5355178.5
902,1,626847.5,6556410.5
903,2,796000.0,10825457.0
904,3,746812.5,9211993.0
905,0,724267.5,7746461.5
906,1,664537.5,6912560.5
907,2,718530.0,7758605.5
908,3,874382.5,11743180.0
909,0,636350.0,6456654.5
910,1,581547.5,5378490.0
911,2,780535.0,9238413.0
912,3,888107.5,11773353.0
913,0,758210.0,10258302.0
914,1,714395.0,8910589.0
915,2,768687.5,8557842.0
916,3,591065.0,6657367.0
917,0,590610.0,5143630.0
918,1,786495.0,10716443.0
919,2,862017.5,11358766.0
920,3,688552.5,6685964.0
921,0,636637.5,6852057.5
922,1,840692.5,10956134.0
923,2,536995.0,5416305.5
924,3,779435.0,9951093.0
925,0,624927.5,6708436.5
926,1,669130.0,6277768.5
927,2,421860.0,2354402.75
928,3,695497.5,7244860.0
929,0,763580.0,9933186.0
930,1,1030505.0,16740415.0
931,2,678352.5,7725971.5
932,3,761350.0,9469455.0
933,0,754675.0,8874214.0
934,1,776677.5,9517992.0
935,2,547855.0,4560637.0
936,3,791665.0,9958459.0
937,0,765570.0,8941646.0
938,1,598595.0,5223538.5
939,2,718955.0,7820913.0
940,3,691352.5,7830884.5
941,0,660610.0,6694557.0
942,1,671925.0,8450890.0
943,2,630527.5,5983184.0
944,3,532027.5,4637680.5
945,0,739580.0,7950504.0
946,1,878590.0,13405985.0
947,2,360590.0,1676419.875
948,3,589452.5,5174823.0
949,0,850545.0,11611010.0
950,1,473275.0,2465483.0
951,2,710265.0,7355594.5
952,3,805992.5,9332722.0
953,0,542925.0,4717821.0
954,1,741645.0,8515769.0
955,2,447392.5,3106063.5
956,3,458267.5,3108485.0
957,0,424962.5,2586604.75
958,1,716232.5,8789376.0
959,2,433655.0,2314041.5
960,3,395720.0,1984629.625
961,0,609627.5,5565319.0
962,1,514825.0,4418037.0
963,2,626650.0,5416049.5
964,3,462627.5,3011391.5
965,0,736112.5,8484201.0
966,1,571232.5,4536989.5
967,2,620582.5,4814893.0
968,3,674385.0,8551961.0
969,0,603597.5,5298960.0
970,1,641600.0,6778819.0
971,2,608500.0,6153734.5
972,3,738965.0,9012851.0
973,0,797142.5,9693136.0
974,1,832072.5,12224838.0
975,2,582527.5,5114832.0
976,3,740195.0,8874227.0
977,0,871137.5,12636965.0
978,1,663970.0,6759114.0
979,2,536987.5,4703470.5
980,3,533295.0,4033499.5
981,0,738735.0,8851742.0
982,1,471892.5,2509976.0
983,2,509570.0,3679414.0
984,3,551127.5,4588753.0
985,0,400382.5,1827648.375
986,1,359690.0,2222654.0
987,2,531107.5,3823841.25
988,3,559120.0,4711898.5
989,0,339022.5,1413069.5
990,1,425442.5,2064186.0
991,2,497330.0,3974133.5
992,3,468867.5,2964436.0
993,0,913522.5,12636353.0
994,1,526225.0,4024536.75
995,2,494035.0,3817790.25
996,3,388917.5,1940711.625
997,0,492460.0,4027161.25
998,1,480835.0,3790426.5
999,2,565055.0,4550187.0
1000,3,447065.0,3465389.0
1001,0,737915.0,8019127.0
1002,1,643357.5,6151540.0
1003,2,609747.5,5390568.0
1004,3,695030.0,8753080.0
1005,0,738625.0,8220682.5
1006,1,379862.5,2383704.5
1007,2,426187.5,3190519.0
1008,3,818570.0,10111626.0
1009,0,542182.5,4742058.5
1010,1,632390.0,6412538.0
1011,2,741235.0,8281308.0
1012,3,469677.5,3074105.75
1013,0,523697.5,4029397.25
1014,1,494040.0,3628252.75
1015,2,603720.0,5152832.0
1016,3,807835.0,10903872.0
1017,0,575417.5,4814639.0
1018,1,453697.5,3254936.25
1019,2,628422.5,5250165.0
1020,3,399360.0,2486069.5
1021,0,580982.5,4761238.5
1022,1,491005.0,2892918.0
1023,2,701887.5,7781862.5
1024,3,470850.0,3274397.75
1025,0,624672.5,6579253.5
1026,1,526787.5,4636644.0
1027,2,615060.0,4935801.0
1028,3,603890.0,5706043.0
1029,0,511907.5,3144150.25
1030,1,743702.5,7542780.5
1031,2,578265.0,5084459.5
1032,3,566817.5,5034885.0
1033,0,659720.0,7441666.5
1034,1,824872.5,9045143.0
1035,2,698162.5,7757994.5
1036,3,321947.5,1076111.125
1037,0,674357.5,7956823.5
1038,1,503360.0,3823533.0
1039,2,398720.0,2441744.0
1040,3,466450.0,3333298.75
1041,0,799650.0,10001569.0
1042,1,442177.5,3064882.75
1043,2,734070.0,8647810.0
1044,3,593120.0,5426522.0
1045,0,671915.0,7788257.0
1046,1,806187.5,9925232.0
1047,2,468927.5,2929996.5
1048,3,488972.5,3264610.5
1049,0,497417.5,3416775.0
1050,1,673302.5,6849355.5
1051,2,782990.0,10016838.0
1052,3,470572.5,3661479.5
1053,0,585637.5,4904715.5
1054,1,694090.0,7972412.5
1055,2,497805.0,3566144.5
1056,3,544985.0,4347050.5
1057,0,693305.0,7528200.5
1058,1,827082.5,12441222.0
1059,2,442015.0,3058896.25
1060,3,562245.0,4622286.5
1061,0,736987.5,9237711.0
1062,1,641547.5,5994845.0
1063,2,531642.5,4349466.0
1064,3,449187.5,2721150.5
1065,0,407565.0,2140236.0
1066,1,742655.0,9274695.0
1067,2,672835.0,6758373.0
1068,3,715965.0,7251343.5
1069,0,879287.5,11419404.0
1070,1,551170.0,5282320.0
1071,2,329110.0,1466619.25
1072,3,430867.5,2466816.0
1073,0,866970.0,12435161.0
1074,1,798085.0,10278063.0
1075,2,503067.5,3155300.0
1076,3,630730.0,5896983.0
1077,0,963255.0,14640393.0
1078,1,855257.5,11467787.0
1079,2,634015.0,6149805.0
1080,3,593180.0,4425530.0
1081,0,776810.0,10091723.0
1082,1,498707.5,4066414.25
1083,2,668837.5,8236790.0
1084,3,766542.5,9382390.0
1085,0,508860.0,4264020.5
1086,1,557950.0,4539874.5
1087,2,804392.5,10261149.0
1088,3,494542.5,3702876.5
1089,0,1169705.0,24187584.0
1090,1,473645.0,3394039.5
1091,2,757540.0,8898722.0
1092,3,496917.5,4029315.0
1093,0,513242.5,4418858.0
1094,1,530287.5,3584419.75
1095,2,597457.5,5861748.0
1096,3,590197.5,6135980.0
1097,0,480240.0,3478250.25
1098,1,335525.0,1607120.875
1099,2,999932.5,16754129.0
1100,3,756717.5,9274725.0
1101,0,925120.0,14127215.0
1102,1,572085.0,3913211.0
1103,2,613057.5,6226402.5
1104,3,749997.5,9210014.0
1105,0,624010.0,6126905.0
1106,1,977065.0,15174001.0
1107,2,538367.5,4193667.5
1108,3,611797.5,5331757.0
1109,0,778257.5,9893662.0
1110,1,690877.5,8656523.0
1111,2,1020557.5,16275721.0
1112,3,641430.0,5885180.5
1113,0,433937.5,3223425.0
1114,1,690890.0,7793646.5
1115,2,598680.0,5788103.5
1116,3,629270.0,6071600.0
1117,0,1035317.5,18047510.0
1118,1,699410.0,6612662.5
1119,2,657332.5,6021283.5
1120,3,368837.5,1735085.0
1121,0,359837.5,1851093.5
1122,1,761562.5,9581216.0
1123,2,658817.5,7257283.5
1124,3,523547.5,3814909.75
1125,0,1024025.0,16085610.0
1126,1,1131482.5,22228120.0
1127,2,562045.0,4373768.5
1128,3,809017.5,10689392.0
1129,0,674377.5,6887892.0
1130,1,544032.5,4637511.0
1131,2,472185.0,3531492.0
1132,3,698455.0,7837191.0
1133,0,673832.5,7108844.5
1134,1,471032.5,3644458.75
1135,2,731085.0,8305333.0
1136,3,644057.5,6681931.5
1137,0,694540.0,7599701.5
1138,1,679725.0,7688647.0
1139,2,550365.0,4015965.5
1140,3,573682.5,5201785.5
1141,0,312785.0,1497556.375
1142,1,594827.5,4306386.5
1143,2,601745.0,6005927.0
1144,3,388010.0,1935107.5
1145,0,695552.5,6039677.0
1146,1,518297.5,4487884.5
1147,2,543450.0,4571259.0
1148,3,764982.5,8523336.0
1149,0,711690.0,7439688.5
1150,1,550555.0,4964873.0
1151,2,431047.5,2862522.75
1152,3,369320.0,1913905.75
1153,0,830890.0,10830296.0
1154,1,401300.0,2150901.75
1155,2,637117.5,5575146.0
1156,3,807787.5,9839557.0
1157,0,595862.5,5523544.0
1158,1,460977.5,2609606.5
1159,2,1012452.5,17338858.0
1160,3,631265.0,5769567.5
1161,0,856475.0,7696863.5
1162,1,789615.0,9776730.0
1163,2,777147.5,9063994.0
1164,3,512655.0,3948659.0
1165,0,593172.5,5184389.5
1166,1,787405.0,9795078.0
1167,2,543465.0,2891542.75
1168,3,734805.0,8674198.0
1169,0,642815.0,6195420.0
1170,1,494460.0,3612937.5
1171,2,471060.0,3282788.75
1172,3,884007.5,13712680.0
1173,0,587630.0,4068108.0
1174,1,418037.5,2456231.75
1175,2,528155.0,3888307.0
1176,3,346532.5,1778408.375
1177,0,427510.0,2412665.75
1178,1,344377.5,1589840.25
1179,2,383110.0,2074126.0
1180,3,521417.5,4450285.5
1181,0,594797.5,5131868.5
1182,1,673115.0,7460898.5
1183,2,643557.5,5591423.0
1184,3,401882.5,2233026.5
1185,0,671885.0,6711858.0
1186,1,372452.5,1945783.875
1187,2,520057.5,3827131.0
1188,3,876930.0,12043079.0
1189,0,453347.5,2799700.75
1190,1,341802.5,1612239.75
1191,2,417317.5,2493484.25
1192,3,286412.5,931388.9375
1193,0,457815.0,2278627.25
1194,1,515247.5,3652631.25
1195,2,574522.5,4826739.0
1196,3,582055.0,3911767.75
1197,0,525592.5,4053517.0
1198,1,688670.0,6611862.0
1199,2,702322.5,6644793.5
1200,3,253047.5,914934.3125
1201,0,592267.5,5811791.0
1202,1,298162.5,1125520.5
1203,2,796617.5,10542666.0
1204,3,539390.0,5174834.0
1205,0,426365.0,2602384.0
1206,1,542347.5,4323305.0
1207,2,618605.0,6023926.0
1208,3,706607.5,7769903.0
1209,0,311332.5,1031881.625
1210,1,424362.5,3075616.5
1211,2,493767.5,2884901.5
1212,3,312965.0,1337540.25
1213,0,563222.5,3480735.75
1214,1,533112.5,3611213.25
1215,2,586045.0,4377079.0
1216,3,518670.0,4012682.5
1217,0,437212.5,2288948.0
1218,1,483057.5,3162968.0
1219,2,484372.5,2679621.0
1220,3,651222.5,6427760.0
1221,0,629632.5,6905848.0
1222,1,767280.0,8611474.0
1223,2,422795.0,2924074.75
1224,3,545192.5,3403398.75
1225,0,623582.5,6350521.0
1226,1,516672.5,3140793.0
1227,2,472735.0,2543210.5
1228,3,535057.5,3564781.5
1229,0,759555.0,8346785.5
1230,1,719500.0,8109554.5
1231,2,476027.5,3170842.25
1232,3,606472.5,5393615.0
1233,0,460145.0,2913236.25
1234,1,620217.5,5180975.5
1235,2,370782.5,2019487.5
1236,3,620862.5,4584843.5
1237,0,650175.0,6968742.5
1238,1,476932.5,3161855.5
1239,2,426057.5,2531960.0
1240,3,588195.0,4660369.0
1241,0,490905.0,3219430.75
1242,1,522627.5,3622787.25
1243,2,314207.5,1457293.125
1244,3,464982.5,2698991.75
1245,0,441495.0,2591266.0
1246,1,395077.5,2534937.75
1247,2,435447.5,2687865.5
1248,3,309232.5,1087663.75
1249,0,361875.0,1585549.5
1250,1,549907.5,4509155.0
1251,2,600252.5,5720746.5
1252,3,470392.5,2416788.0
1253,0,348425.0,1418549.5
1254,1,488802.5,2958787.75
1255,2,475805.0,2236865.75
1256,3,609870.0,5366816.5
1257,0,240637.5,855301.5
1258,1,353930.0,1381253.375
1259,2,504325.0,3763652.5
1260,3,379047.5,2072094.375
1261,0,521275.0,3750553.0
1262,1,193625.0,454710.4375
1263,2,505795.0,4027108.5
1264,3,367310.0,1911306.875
1265,0,333805.0,1231467.25
1266,1,332870.0,1274668.375
1267,2,518890.0,3927603.5
1268,3,530942.5,3572929.5
1269,0,489262.5,2972502.75
1270,1,398910.0,1957725.375
1271,2,631600.0,4829048.5
1272,3,380125.0,1957453.375
1273,0,703305.0,7991120.0
1274,1,364837.5,2013287.875
1275,2,481452.5,3336772.0
1276,3,459425.0,2511482.25
1277,0,295220.0,1408070.5
1278,1,438845.0,2809922.75
1279,2,345940.0,1495784.125
1280,3,278135.0,1065784.5
1281,0,480562.5,2554159.25
1282,1,440462.5,2364865.0
1283,2,386357.5,1725470.375
1284,3,491007.5,3389855.25
1285,0,453947.5,2805392.75
1286,1,503145.0,3512976.75
1287,2,402242.5,2326738.5
1288,3,413487.5,2017697.625
1289,0,383152.5,2282879.5
1290,1,394232.5,2680062.75
1291,2,360227.5,1569531.75
1292,3,401232.5,2104280.0
1293,0,329492.5,1538705.375
1294,1,389050.0,1827169.375
1295,2,555775.0,4198387.0
1296,3,626282.5,6189360.0
1297,0,501940.0,2866368.75
1298,1,518962.5,3932558.0
1299,2,465312.5,2638656.5
1300,3,446957.5,2537575.75
1301,0,501547.5,3621975.25
1302,1,532465.0,3820634.5
1303,2,537750.0,3652162.0
1304,3,570702.5,5040403.5
1305,0,327940.0,1053868.125
1306,1,435285.0,2696941.5
1307,2,324340.0,916212.375
1308,3,555597.5,3799072.5
1309,0,456447.5,2347199.5
1310,1,367997.5,1631971.375
1311,2,450022.5,2892351.25
1312,3,544535.0,4663309.0
1313,0,345452.5,1617268.0
1314,1,440067.5,2596323.5
1315,2,469037.5,2647229.0
1316,3,627072.5,6107443.5
1317,0,564655.0,3507557.0
1318,1,426405.0,1691337.125
1319,2,345262.5,1811287.625
1320,3,483957.5,2919297.0
1321,0,467887.5,2696248.25
1322,1,366470.0,1520248.125
1323,2,417780.0,1951395.125
1324,3,432395.0,2638676.25
1325,0,480280.0,3515579.5
1326,1,355702.5,1353548.0
1327,2,482687.5,2606786.25
1328,3,546122.5,4922567.5
1329,0,454517.5,2416953.0
1330,1,433117.5,2610572.0
1331,2,505532.5,3367444.5
1332,3,558065.0,3649547.25
1333,0,451912.5,2672188.0
1334,1,410902.5,1895036.75
1335,2,466927.5,2412377.75
1336,3,402800.0,1938977.0
1337,0,427247.5,2365255.75
1338,1,557270.0,3814237.25
1339,2,370757.5,1677557.875
1340,3,630667.5,4893788.0
1341,0,574615.0,5001077.5
1342,1,496667.5,3375210.5
1343,2,553992.5,3771092.25
1344,3,384190.0,1636324.75
1345,0,581365.0,4313621.5
1346,1,468500.0,3099731.0
1347,2,566945.0,4986270.0
1348,3,505432.5,3363467.25
1349,0,739437.5,7216886.0
1350,1,520825.0,3255480.25
1351,2,495905.0,3007060.25
1352,3,339972.5,1296972.375
1353,0,486317.5,3080831.5
1354,1,457015.0,2694776.0
1355,2,424462.5,2382725.25
1356,3,502827.5,4129187.5
1357,0,484182.5,3303313.25
1358,1,572577.5,4298625.5
1359,2,488940.0,3037211.0
1360,3,458390.0,3102779.5
1361,0,573730.0,3846408.0
1362,1,464550.0,2514288.0
1363,2,556892.5,4214201.0
1364,3,481742.5,3285203.0
1365,0,569700.0,4554123.0
1366,1,311290.0,1227424.875
1367,2,505205.0,3331185.75
1368,3,631210.0,5473658.0
1369,0,428050.0,2641588.0
1370,1,338582.5,1316744.75
1371,2,474515.0,2700942.5
1372,3,617207.5,5141502.0
1373,0,473767.5,2634230.25
1374,1,339667.5,1375573.375
1375,2,287725.0,1260914.625
1376,3,368272.5,1648771.75
1377,0,480222.5,3544441.0
1378,1,568155.0,4642019.5
1379,2,543432.5,3742566.5
1380,3,353197.5,1754752.5
1381,0,413450.0,1904645.25
1382,1,481857.5,3340306.75
1383,2,604395.0,4787786.5
1384,3,420242.5,1945459.375
1385,0,508950.0,4175554.0
1386,1,461285.0,2587533.5
1387,2,452610.0,2581626.5
1388,3,465087.5,2622506.5
1389,0,640145.0,4864598.0
1390,1,552085.0,3757019.75
1391,2,470690.0,2826266.5
1392,3,461085.0,2735512.0
1393,0,412042.5,2262201.75
1394,1,361065.0,1544329.875
1395,2,576212.5,3796250.5
1396,3,451257.5,2759243.0
1397,0,523527.5,3478574.75
1398,1,325242.5,1567811.75
1399,2,501027.5,3088556.0
1400,3,528477.5,3442239.25
1401,0,574137.5,3830474.5
1402,1,584890.0,3852177.75
1403,2,379817.5,1607925.375
1404,3,537065.0,3728846.0
1405,0,535615.0,3502837.5
1406,1,520605.0,3089590.75
1407,2,380645.0,1778635.625
1408,3,448887.5,2656071.0
1409,0,546895.0,4399285.5
1410,1,392037.5,1935989.75
1411,2,295715.0,1003490.75
1412,3,308632.5,1307728.625
1413,0,339005.0,1744137.75
1414,1,410290.0,2772943.0
1415,2,414182.5,2300305.75
1416,3,276050.0,971795.875
1417,0,334285.0,1539733.875
1418,1,484705.0,2959563.0
1419,2,472770.0,3127245.0
1420,3,352340.0,1830926.0
1421,0,485660.0,3109527.5
1422,1,317245.0,1009837.625
1423,2,423935.0,1921360.875
1424,3,414447.5,1903094.0
1425,0,361997.5,1589299.125
1426,1,391260.0,1663131.75
1427,2,403917.5,1884098.125
1428,3,436872.5,2427835.25
1429,0,449297.5,2624134.5
1430,1,385847.5,1701718.875
1431,2,554572.5,5201226.5
1432,3,398185.0,1894927.75
1433,0,375872.5,1851265.625
1434,1,559140.0,3880109.0
1435,2,324962.5,1361510.125
1436,3,517020.0,3747304.5
1437,0,459030.0,2718289.75
1438,1,583635.0,3959901.0
1439,2,429062.5,2894403.75
1440,3,379765.0,1671882.875
1441,0,271417.5,1002784.0625
1442,1,505205.0,3417748.0
1443,2,311317.5,1116065.5
1444,3,531467.5,2874625.0
1445,0,348162.5,1579704.375
1446,1,447472.5,2988628.0
1447,2,498390.0,3439168.0
1448,3,541690.0,4279001.0
1449,0,404362.5,1694953.375
1450,1,370110.0,1888254.375
1451,2,471212.5,2501179.75
1452,3,404102.5,1931226.75
1453,0,512705.0,3124139.5
1454,1,434737.5,2260818.5
1455,2,535825.0,3590323.5
1456,3,435912.5,2419029.0
1457,0,501522.5,3502895.75
1458,1,482550.0,2672475.5
1459,2,504640.0,3389269.25
1460,3,412337.5,1971615.75
1461,0,653535.0,6164144.5
1462,1,366045.0,1522793.625
1463,2,418090.0,2187104.25
1464,3,326222.5,1537554.125
1465,0,416275.0,2481630.0
1466,1,378355.0,2050245.5
1467,2,503727.5,4240328.5
1468,3,379482.5,1511070.375
1469,0,345247.5,1633953.25
1470,1,533612.5,4449737.0
1471,2,450840.0,2531228.25
1472,3,383640.0,2098056.5
1473,0,334527.5,1377347.875
1474,1,628112.5,5184351.0
1475,2,382787.5,1579151.5
1476,3,586715.0,5303114.5
1477,0,350712.5,1539223.75
1478,1,463502.5,2793557.25
1479,2,650585.0,6311847.5
1480,3,618867.5,5616009.5
1481,0,479152.5,2872498.5
1482,1,505880.0,3064304.0
1483,2,369747.5,2330408.25
1484,3,381940.0,1720529.625
1485,0,427532.5,2361709.75
1486,1,396785.0,1719922.625
1487,2,483660.0,3540706.5
1488,3,522590.0,3832893.75
1489,0,624897.5,6283067.0
1490,1,547947.5,4332160.5
1491,2,267150.0,913199.4375
1492,3,418607.5,2214135.0
1493,0,514145.0,3738874.0
1494,1,543957.5,4277274.5
1495,2,654455.0,6087845.0
1496,3,562635.0,3684732.75
1497,0,509727.5,3738294.25
1498,1,356362.5,1526944.0
1499,2,515415.0,3863973.75
1500,3,315272.5,1280208.125
1501,0,489167.5,3614922.25
1502,1,465100.0,3281579.25
1503,2,398982.5,2226853.25
1504,3,514925.0,3970371.0
1505,0,386507.5,2094222.5
1506,1,364880.0,1904150.75
1507,2,376932.5,1773634.625
1508,3,453977.5,2049067.25
1509,0,514397.5,3621486.5
1510,1,344492.5,1709759.125
1511,2,358012.5,1509167.375
1512,3,394707.5,1727614.75
1513,0,602420.0,4153946.75
1514,1,510600.0,2850083.25
1515,2,368615.0,1325281.0
1516,3,306120.0,1014149.6875
1517,0,308640.0,933764.5625
1518,1,452277.5,2194556.75
1519,2,592307.5,4226770.5
1520,3,667107.5,6735558.5
1521,0,378727.5,2114524.5
1522,1,554910.0,5161643.0
1523,2,385355.0,1997431.625
1524,3,325257.5,1388616.25
1525,0,423927.5,2041472.0
1526,1,400272.5,2175255.0
1527,2,504852.5,3636937.0
1528,3,506247.5,3466481.5
1529,0,415020.0,2177572.75
1530,1,531900.0,3860597.5
1531,2,630102.5,5480799.0
1532,3,467727.5,2633213.0
1533,0,638822.5,6268235.0
1534,1,347990.0,1442982.5
1535,2,355395.0,1552458.25
1536,3,395960.0,2154652.25
1537,0,523962.5,4752029.0
1538,1,556515.0,3524561.0
1539,2,296210.0,1202502.75
1540,3,443840.0,2326153.0
1541,0,424812.5,2546150.75
1542,1,718817.5,6761643.0
1543,2,466865.0,2898130.25
1544,3,299205.0,1409723.25
1545,0,534672.5,3343561.0
1546,1,702512.5,5614561.0
1547,2,414865.0,1634063.625
1548,3,480510.0,3289625.5
1549,0,477320.0,3235285.0
1550,1,363985.0,1320719.125
1551,2,309137.5,1463797.375
1552,3,308735.0,1065863.875
1553,0,548762.5,3864439.25
1554,1,463577.5,2161337.75
1555,2,346895.0,1503793.875
1556,3,316780.0,1279785.125
1557,0,363027.5,1442377.0
1558,1,351372.5,1467688.375
1559,2,688187.5,6755847.5
1560,3,570407.5,4390700.5
1561,0,502657.5,2833256.0
1562,1,552975.0,4368026.0
1563,2,395825.0,2191341.75
1564,3,346935.0,1471727.25
1565,0,417490.0,2084169.0
1566,1,485007.5,3461972.75
1567,2,624472.5,6320598.5
1568,3,814947.5,9796464.0
1569,0,365427.5,1720570.875
1570,1,342847.5,1600366.25
1571,2,421000.0,2181079.5
1572,3,368252.5,1834705.5
1573,0,369560.0,1754301.375
1574,1,301995.0,1314183.0
1575,2,611867.5,4648448.5
1576,3,507845.0,3658151.5
1577,0,575755.0,3905808.0
1578,1,338950.0,1253999.875
1579,2,536427.5,4441743.5
1580,3,443527.5,3311769.5
1581,0,377802.5,2329551.25
1582,1,325902.5,1577687.75
1583,2,416845.0,1777024.5
1584,3,489342.5,3683071.0
1585,0,454440.0,2323443.75
1586,1,412670.0,2179651.0
1587,2,472937.5,3041301.0
1588,3,345637.5,1749604.25
1589,0,494645.0,4114938.75
1590,1,359015.0,1588231.625
1591,2,511615.0,2760204.75
1592,3,524305.0,4698709.0
1593,0,692507.5,7898729.5
1594,1,606847.5,5115494.5
1595,2,471245.0,3173567.25
1596,3,522310.0,3665297.5
1597,0,354880.0,1700058.375
1598,1,345482.5,1577521.25
1599,2,413730.0,2297823.0
1600,3,448027.5,2233718.5
1601,0,266217.5,923322.5
1602,1,343205.0,1838902.625
1603,2,315595.0,1283502.5
1604,3,323777.5,1104810.0
1605,0,301322.5,1059838.0
1606,1,233265.0,503504.375
1607,2,515890.0,4694252.0
1608,3,378222.5,1866120.25
1609,0,334525.0,1555926.0
1610,1,515960.0,3418355.75
1611,2,242882.5,773224.5
1612,3,297982.5,1075664.25
1613,0,445447.5,2178509.25
1614,1,538602.5,3141620.75
1615,2,535547.5,4661411.0
1616,3,364630.0,1513288.375
1617,0,369775.0,1444252.375
1618,1,366737.5,1890300.75
1619,2,455967.5,3516031.75
1620,3,393562.5,1740954.125
1621,0,346910.0,1522015.375
1622,1,360165.0,1417460.5
1623,2,379060.0,1969430.75
1624,3,379230.0,1797273.625
1625,0,328930.0,974902.8125
1626,1,455165.0,3079371.25
1627,2,398417.5,1928866.5
1628,3,359605.0,1892136.875
1629,0,400770.0,2094641.75
1630,1,457125.0,3330050.5
1631,2,332342.5,1457914.5
1632,3,212970.0,546494.5625
1633,0,338815.0,1309895.0
1634,1,552772.5,3917721.25
1635,2,285447.5,969812.6875
1636,3,290837.5,942158.5625
1637,0,339912.5,1635344.5
1638,1,346480.0,1463195.0
1639,2,480327.5,3256548.5
1640,3,312447.5,1473625.25
1641,0,419910.0,2794821.5
1642,1,341725.0,1654412.25
1643,2,319817.5,1155755.875
1644,3,410552.5,1974703.75
1645,0,404635.0,2250638.25
1646,1,689010.0,7003187.5
1647,2,320337.5,1441877.625
1648,3,354345.0,1680913.5
1649,0,347105.0,1859210.375
1650,1,297575.0,1091810.75
1651,2,463877.5,3012767.75
1652,3,542560.0,4550268.5
1653,0,299275.0,1263868.625
1654,1,358740.0,1859352.25
1655,2,261757.5,909674.0625
1656,3,335895.0,1479429.875
1657,0,411675.0,2028750.375
1658,1,490790.0,3255029.25
1659,2,298450.0,963632.125
1660,3,407375.0,2391194.25
1661,0,337705.0,1487847.0
1662,1,546300.0,4519575.0
1663,2,487190.0,3517773.0
1664,3,389435.0,1857199.5
1665,0,344785.0,1530552.25
1666,1,372502.5,1623970.0
1667,2,518395.0,3452824.5
1668,3,220437.5,643890.125
1669,0,318785.0,1375788.75
1670,1,376827.5,2306726.5
1671,2,260167.5,841832.0
1672,3,285370.0,768519.0
1673,0,383527.5,1963347.75
1674,1,325415.0,1295823.875
1675,2,382535.0,1413924.5
1676,3,527342.5,3156589.25
1677,0,490640.0,2874398.75
1678,1,419050.0,2803031.0
1679,2,357670.0,1759419.375
1680,3,562765.0,4876747.5
1681,0,367095.0,1584893.375
1682,1,267792.5,1003184.5625
1683,2,320460.0,1464894.375
1684,3,337127.5,1450294.75
1685,0,556597.5,3893985.75
1686,1,326835.0,1115542.125
1687,2,506865.0,4105733.25
1688,3,276182.5,829260.6875
1689,0,505805.0,3863881.25
1690,1,350555.0,1761250.875
1691,2,324680.0,1101173.25
1692,3,521107.5,3531291.0
1693,0,414230.0,2482395.75
1694,1,659577.5,5613433.5
1695,2,463662.5,3168142.75
1696,3,487847.5,3673743.0
1697,0,371342.5,1481038.5
1698,1,351170.0,1407217.25
1699,2,373977.5,1826316.75
1700,3,476907.5,3294522.5
1701,0,309547.5,1231261.5
1702,1,541830.0,3994120.75
1703,2,283710.0,902445.3125
1704,3,326610.0,1304187.875
1705,0,248817.5,807253.3125
1706,1,472187.5,3947361.5
1707,2,403492.5,1930056.625
1708,3,552797.5,4698964.0
1709,0,387250.0,1742458.0
1710,1,593325.0,4877907.0
1711,2,393502.5,2336368.5
1712,3,399482.5,2453556.25
1713,0,331665.0,1510967.625
1714,1,466295.0,2910011.75
1715,2,386272.5,1604547.25
1716,3,474567.5,2674476.75
1717,0,349317.5,1434140.625
1718,1,564455.0,3865193.75
1719,2,390932.5,2159157.75
1720,3,378135.0,2086387.25
1721,0,625432.5,5153222.0
1722,1,740977.5,8242556.0
1723,2,285872.5,1042611.3125
1724,3,407185.0,2165300.25
1725,0,416405.0,2374047.0
1726,1,588165.0,5827758.0
1727,2,242587.5,781928.625
1728,3,299057.5,1420106.625
1729,0,411515.0,2074125.375
1730,1,353185.0,1442569.625
1731,2,344595.0,1487804.0
1732,3,316152.5,1119036.375
1733,0,320515.0,1177742.0
1734,1,293595.0,1007123.125
1735,2,417540.0,2524641.25
1736,3,369047.5,1579438.5
1737,0,528005.0,3799571.5
1738,1,378912.5,2156569.75
1739,2,281567.5,1078528.5
1740,3,448565.0,2786802.5
1741,0,421190.0,2693918.5
1742,1,344540.0,1431506.125
1743,2,506482.5,3490795.25
1744,3,342790.0,1402567.375
1745,0,419825.0,2606043.5
1746,1,491330.0,3677493.75
1747,2,409475.0,2314101.75
1748,3,320540.0,1271450.25
1749,0,417627.5,2409762.75
1750,1,446942.5,2597531.75
1751,2,351220.0,1284006.625
1752,3,475442.5,2472855.5
1753,0,339642.5,1615269.25
1754,1,408232.5,2526151.75
1755,2,762665.0,8927271.0
1756,3,455302.5,2638220.5
1757,0,326310.0,1405589.875
1758,1,404335.0,2165616.25
1759,2,309907.5,1199164.5
1760,3,360432.5,1658993.375
1761,0,334400.0,1540691.25
1762,1,465662.5,2413726.5
1763,2,331770.0,1474988.25
1764,3,398582.5,2300766.75
1765,0,415597.5,1934289.125
1766,1,506097.5,3684765.5
1767,2,195132.5,324481.25
1768,3,447832.5,3189285.75
1769,0,378485.0,1964762.125
1770,1,346385.0,1663026.25
1771,2,294410.0,994734.125
1772,3,330192.5,1456185.375
1773,0,527247.5,3995479.75
1774,1,393872.5,1685211.75
1775,2,316097.5,1529522.5
1776,3,401552.5,2723677.0
1777,0,401435.0,2227424.75
1778,1,412257.5,1985496.625
1779,2,383402.5,2303002.0
1780,3,553240.0,4165228.0
1781,0,365435.0,1668277.75
1782,1,315112.5,1405672.875
1783,2,323367.5,1470754.625
1784,3,320410.0,1196126.125
1785,0,409117.5,1859052.375
1786,1,254512.5,701570.625
1787,2,278182.5,1065316.5
1788,3,274020.0,1031303.25
1789,0,441735.0,2973652.0
1790,1,377547.5,1746818.625
1791,2,342440.0,1723211.125
1792,3,337422.5,1646684.5
1793,0,407205.0,2100083.25
1794,1,370047.5,1532061.5
1795,2,449497.5,2794806.0
1796,3,252310.0,768218.0
1797,0,359942.5,1671165.25
1798,1,347077.5,1655171.125
1799,2,468422.5,3289235.25
1800,3,568792.5,5457189.5
1801,0,463800.0,2608203.75
1802,1,468905.0,2630881.25
1803,2,298922.5,943996.8125
1804,3,320467.5,910810.375
1805,0,371592.5,1534880.5
1806,1,623812.5,5514383.5
1807,2,475087.5,2909114.75
1808,3,281957.5,833094.5
1809,0,544390.0,3816333.75
1810,1,354972.5,1911664.0
1811,2,455245.0,2106555.5
1812,3,312592.5,957733.4375
1813,0,306477.5,1120912.0
1814,1,290160.0,1371561.625
1815,2,332150.0,1492672.875
1816,3,350350.0,1397272.125
1817,0,365232.5,2004227.5
1818,1,240200.0,849170.8125
1819,2,566437.5,4216158.5
1820,3,367905.0,1602919.0
1821,0,317902.5,1155257.125
1822,1,180525.0,373495.46875
1823,2,400735.0,2390410.0
1824,3,290297.5,1149898.625
1825,0,309705.0,1195829.875
1826,1,268185.0,1001778.375
1827,2,485627.5,2951533.5
1828,3,340200.0,1714068.125
1829,0,387470.0,1554439.625
1830,1,336305.0,1444655.75
1831,2,198385.0,410631.34375
1832,3,398437.5,2283255.0
1833,0,384177.5,1983719.625
1834,1,298705.0,887826.6875
1835,2,472027.5,3025190.5
1836,3,341952.5,1244163.125
1837,0,370342.5,1881518.25
1838,1,393785.0,1871076.125
1839,2,410872.5,2477443.75
1840,3,504737.5,3834122.25
1841,0,316260.0,1389739.5
1842,1,391487.5,1840003.875
1843,2,331097.5,1547984.125
1844,3,276727.5,845948.0625
1845,0,273662.5,1086736.0
1846,1,491787.5,3101489.75
1847,2,380082.5,2181822.5
1848,3,348942.5,1522932.125
1849,0,459802.5,2018198.0
1850,1,770582.5,8161417.0
1851,2,423620.0,2170724.75
1852,3,405180.0,2044016.875
1853,0,342295.0,1528332.75
1854,1,863985.0,10058205.0
1855,2,341722.5,1577464.75
1856,3,513902.5,2884085.25
1857,0,343852.5,1968943.375
1858,1,314452.5,1254683.625
1859,2,302715.0,1006815.0
1860,3,422750.0,2140286.0
1861,0,569862.5,5441557.5
1862,1,382680.0,2012096.0
1863,2,486205.0,3401108.75
1864,3,648172.5,5135891.5
1865,0,398770.0,1979191.75
1866,1,515560.0,3655093.25
1867,2,549385.0,4060024.75
1868,3,676335.0,7549507.0
1869,0,687582.5,6926929.0
1870,1,280080.0,1108376.75
1871,2,345505.0,1534452.375
1872,3,363147.5,1751496.375
1873,0,455827.5,2470578.0
1874,1,311790.0,1042780.375
1875,2,687795.0,6411951.0
1876,3,247895.0,604285.375
1877,0,607895.0,4819202.5
1878,1,280750.0,1114719.75
1879,2,302420.0,1158968.0
1880,3,374847.5,2303292.0
1881,0,307250.0,1149415.5
1882,1,558242.5,3098639.75
1883,2,311055.0,1458926.125
1884,3,446287.5,2703667.25
1885,0,554032.5,4053821.25
1886,1,341617.5,1394260.25
1887,2,394435.0,1817230.75
1888,3,641365.0,5361502.5
1889,0,627790.0,5310360.0
1890,1,398407.5,2085735.75
1891,2,488820.0,2995383.25
1892,3,253755.0,571866.4375
1893,0,391960.0,1999290.375
1894,1,437487.5,2343376.75
1895,2,316970.0,1261960.375
1896,3,676367.5,5128940.5
1897,0,256852.5,935347.125
1898,1,645337.5,6257451.5
1899,2,432100.0,2514952.75
1900,3,345922.5,1483202.5
1901,0,444717.5,3098461.5
1902,1,501077.5,3026956.25
1903,2,274535.0,887696.3125
1904,3,497740.0,3682159.5
1905,0,308882.5,1365677.75
1906,1,367167.5,1800933.75
1907,2,457692.5,2177701.25
1908,3,558027.5,4197833.0
1909,0,654325.0,6270105.5
1910,1,486652.5,3076741.0
1911,2,499422.5,3665475.75
1912,3,378932.5,1682580.25
1913,0,280055.0,871505.5625
1914,1,500692.5,3836266.5
1915,2,533367.5,4231933.0
1916,3,404085.0,2158094.25
1917,0,454742.5,2412658.25
1918,1,522292.5,3203727.25
1919,2,342482.5,1791902.75
1920,3,660167.5,6493122.5
1921,0,469697.5,2515168.5
1922,1,502800.0,4099406.5
1923,2,310667.5,1182742.75
1924,3,535085.0,3272676.25
1925,0,566645.0,4864079.0
1926,1,387922.5,1801577.125
1927,2,473990.0,2634888.5
1928,3,425295.0,2360540.25
1929,0,281717.5,1197400.875
1930,1,566122.5,4536392.5
1931,2,440500.0,2993287.75
1932,3,385702.5,2095052.625
1933,0,368357.5,1780245.375
1934,1,429957.5,3174089.0
1935,2,674505.0,6643793.0
1936,3,483985.0,2616028.5
1937,0,308230.0,1219132.875
1938,1,413840.0,2909580.75
1939,2,515372.5,3315085.75
1940,3,443152.5,2901320.25
1941,0,764592.5,9437750.0
1942,1,388205.0,2289560.25
1943,2,279430.0,958341.875
1944,3,593125.0,5281798.0
1945,0,459135.0,2720397.75
1946,1,407867.5,2764354.25
1947,2,262115.0,900412.6875
1948,3,409180.0,2229798.0
1949,0,316645.0,1389155.5
1950,1,204005.0,600383.375
1951,2,387907.5,1994945.125
1952,3,542627.5,3569270.25
1953,0,363497.5,1681182.875
1954,1,490650.0,3526195.75
1955,2,270492.5,917555.5
1956,3,330962.5,1541966.875
1957,0,284522.5,955248.8125
1958,1,340920.0,1934225.375
1959,2,450587.5,3358866.25
1960,3,310987.5,1329681.5
1961,0,326130.0,1220967.875
1962,1,192955.0,471602.65625
1963,2,345770.0,1477382.875
1964,3,284485.0,1201614.0
1965,0,326292.5,1488412.625
1966,1,423560.0,2169684.25
1967,2,392790.0,2181387.5
1968,3,350805.0,1731510.125
1969,0,485165.0,2701874.75
1970,1,365097.5,1762211.875
1971,2,376155.0,2070161.0
1972,3,618257.5,5848233.5
1973,0,457737.5,2932494.75
1974,1,290135.0,1043391.6875
1975,2,468182.5,2967619.25
1976,3,442002.5,2835660.75
1977,0,286522.5,1047870.5
1978,1,422472.5,2382261.25
1979,2,303250.0,1402060.5
1980,3,335627.5,1651994.5
1981,0,250022.5,785533.5625
1982,1,428742.5,2719878.25
1983,2,404215.0,2585446.75
1984,3,530792.5,4445001.5
1985,0,339730.0,1461997.375
1986,1,266360.0,717610.125
1987,2,281472.5,1184995.75
1988,3,226167.5,575870.25
1989,0,531082.5,3965235.75
1990,1,318880.0,1277710.375
1991,2,248477.5,781644.125
1992,3,305172.5,1123412.0
1993,0,356315.0,1769681.0
1994,1,332427.5,1477725.5
1995,2,374472.5,1766556.375
1996,3,425065.0,2723049.5
1997,0,426825.0,2472514.25
1998,1,369260.0,1857968.875
1999,2,469705.0,3133634.25
2000,3,308827.5,1235649.5
