episode,episode_cost,epsilon
1,921370.0,0.996
2,1077920.0,0.992016
3,828170.0,0.988047936
4,923595.0,0.984095744256
5,784727.5,0.980159361278976
6,719067.5,0.97623872383386
7,817202.5,0.9723337689385245
8,1269772.5,0.9684444338627705
9,743210.0,0.9645706561273194
10,1129365.0,0.9607123735028101
11,815467.5,0.9568695240087989
12,958455.0,0.9530420459127636
13,765620.0,0.9492298777291126
14,889747.5,0.9454329582181962
15,760945.0,0.9416512263853234
16,1085435.0,0.9378846214797821
17,1043320.0,0.934133082993863
18,862682.5,0.9303965506618875
19,1154610.0,0.92667496445924
20,969795.0,0.922968264601403
21,960237.5,0.9192763915429975
22,1080112.5,0.9155992859768255
23,799965.0,0.9119368888329182
24,1372725.0,0.9082891412775865
25,1097802.5,0.9046559847124762
26,1031562.5,0.9010373607736263
27,1037800.0,0.8974332113305318
28,904970.0,0.8938434784852096
29,1076377.5,0.8902681045712688
30,1050510.0,0.8867070321529837
31,1200745.0,0.8831602040243718
32,814410.0,0.8796275632082743
33,721312.5,0.8761090529554412
34,636225.0,0.8726046167436194
35,836295.0,0.8691141982766449
36,865157.5,0.8656377414835383
37,1095900.0,0.8621751905176042
38,994262.5,0.8587264897555338
39,781870.0,0.8552915837965116
40,979885.0,0.8518704174613255
41,1014455.0,0.8484629357914802
42,1109480.0,0.8450690840483143
43,1032447.5,0.841688807712121
44,997255.0,0.8383220524812725
45,1101175.0,0.8349687642713474
46,1048717.5,0.8316288892142619
47,1123997.5,0.8283023736574049
48,1034865.0,0.8249891641627752
49,680717.5,0.8216892075061242
50,901762.5,0.8184024506760996
51,1020317.5,0.8151288408733952
52,770610.0,0.8118683255099016
53,909322.5,0.8086208522078621
54,1284717.5,0.8053863687990306
55,1248910.0,0.8021648233238344
56,958277.5,0.798956164030539
57,1053140.0,0.7957603393744169
58,1003350.0,0.7925772980169192
59,1207902.5,0.7894069888248515
60,1265652.5,0.7862493608695521
61,795437.5,0.7831043634260739
62,942190.0,0.7799719459723696
63,859730.0,0.7768520581884801
64,1007702.5,0.7737446499557262
65,832337.5,0.7706496713559033
66,1251237.5,0.7675670726704797
67,1276455.0,0.7644968043797978
68,731407.5,0.7614388171622787
69,715385.0,0.7583930618936295
70,1139012.5,0.755359489646055
71,1392570.0,0.7523380516874708
72,1193257.5,0.7493286994807209
73,1016195.0,0.746331384682798
74,949382.5,0.7433460591440668
75,1015815.0,0.7403726749074906
76,976702.5,0.7374111842078607
77,1152300.0,0.7344615394710292
78,1075525.0,0.731523693313145
79,654105.0,0.7285975985398925
80,940685.0,0.725683208145733
81,981545.0,0.72278047531315
82,1060227.5,0.7198893534118974
83,633815.0,0.7170097959982499
84,921397.5,0.7141417568142568
85,513312.5,0.7112851897869998
86,352067.5,0.7084400490278518
87,770210.0,0.7056062888317405
88,832265.0,0.7027838636764135
89,849822.5,0.6999727282217079
90,642275.0,0.6971728373088211
91,758885.0,0.6943841459595858
92,812197.5,0.6916066093757474
93,809920.0,0.6888401829382443
94,581625.0,0.6860848222064914
95,1001000.0,0.6833404829176654
96,877882.5,0.6806071209859947
97,1057532.5,0.6778846925020507
98,975845.0,0.6751731537320426
99,759880.0,0.6724724611171143
100,726562.5,0.6697825712726458
101,812790.0,0.6671034409875553
102,891032.5,0.664435027223605
103,765632.5,0.6617772871147106
104,403387.5,0.6591301779662517
105,707220.0,0.6564936572543867
106,305967.5,0.6538676826253691
107,456417.5,0.6512522118948676
108,395265.0,0.6486472030472881
109,344195.0,0.646052614235099
110,479620.0,0.6434684037781586
111,351120.0,0.640894530163046
112,455520.0,0.6383309520423938
113,636045.0,0.6357776282342242
114,512412.5,0.6332345177212874
115,525550.0,0.6307015796504022
116,383395.0,0.6281787733318006
117,293940.0,0.6256660582384734
118,599315.0,0.6231633940055196
119,388445.0,0.6206707404294974
120,346700.0,0.6181880574677795
121,439950.0,0.6157153052379084
122,468295.0,0.6132524440169568
123,523590.0,0.6107994342408889
124,254445.0,0.6083562365039253
125,430477.5,0.6059228115579096
126,533205.0,0.603499120311678
127,438705.0,0.6010851238304312
128,562257.5,0.5986807833351095
129,647915.0,0.5962860602017691
130,398265.0,0.5939009159609621
131,351055.0,0.5915253122971182
132,461835.0,0.5891592110479298
133,487730.0,0.586802574203738
134,453095.0,0.5844553639069231
135,462542.5,0.5821175424512954
136,671662.5,0.5797890722814902
137,527167.5,0.5774699159923643
138,367755.0,0.5751600363283949
139,385257.5,0.5728593961830812
140,359002.5,0.5705679585983489
141,488970.0,0.5682856867639554
142,389052.5,0.5660125440168996
143,480512.5,0.563748493840832
144,326317.5,0.5614934998654687
145,630430.0,0.5592475258660068
146,489850.0,0.5570105357625428
147,542597.5,0.5547824936194926
148,382790.0,0.5525633636450147
149,241687.5,0.5503531101904346
150,447310.0,0.5481516977496729
151,419362.5,0.5459590909586742
152,468820.0,0.5437752545948396
153,301095.0,0.5416001535764602
154,445010.0,0.5394337529621543
155,498015.0,0.5372760179503058
156,431587.5,0.5351269138785045
157,505775.0,0.5329864062229905
158,315020.0,0.5308544605980986
159,403712.5,0.5287310427557061
160,440052.5,0.5266161185846833
161,617275.0,0.5245096541103446
162,545272.5,0.5224116154939031
163,366172.5,0.5203219690319275
164,363657.5,0.5182406811557998
165,447220.0,0.5161677184311766
166,421055.0,0.5141030475574518
167,291317.5,0.5120466353672221
168,441370.0,0.5099984488257532
169,449967.5,0.5079584550304501
170,290060.0,0.5059266212103283
171,402632.5,0.503902914725487
172,455157.5,0.501887303066585
173,282470.0,0.49987975385431865
174,447947.5,0.49788023483890137
175,526975.0,0.49588871389954575
176,464187.5,0.49390515904394755
177,467772.5,0.49192953840777176
178,379142.5,0.48996182025414065
179,520482.5,0.4880019729731241
180,414387.5,0.4860499650812316
181,297232.5,0.4841057652209067
182,327730.0,0.48216934216002305
183,417210.0,0.48024066479138294
184,451900.0,0.4783197021322174
185,361320.0,0.47640642332368854
186,380015.0,0.47450079763039377
187,419042.5,0.4726027944398722
188,511020.0,0.4707123832621127
189,436347.5,0.4688295337290642
190,496767.5,0.46695421559414796
191,423835.0,0.4650863987317714
192,359590.0,0.4632260531368443
193,402700.0,0.4613731489242969
194,452050.0,0.45952765632859977
195,415090.0,0.45768954570328535
196,399552.5,0.4558587875204722
197,531427.5,0.45403535237039033
198,858327.5,0.4522192109609088
199,496185.0,0.45041033411706516
200,556762.5,0.4486086927805969
201,471372.5,0.4468142580094745
202,342632.5,0.4450270009774366
203,566845.0,0.4432468929735268
204,338900.0,0.4414739054016327
205,423592.5,0.4397080097800262
206,484212.5,0.43794917774090614
207,480675.0,0.4361973810299425
208,629407.5,0.4344525915058227
209,547107.5,0.43271478113979944
210,630110.0,0.4309839220152402
211,668550.0,0.42925998632717927
212,422810.0,0.42754294638187057
213,347897.5,0.4258327745963431
214,637497.5,0.4241294434979577
215,388700.0,0.4224329257239659
216,372070.0,0.42074319402107
217,619680.0,0.41906022124498576
218,583527.5,0.41738398036000585
219,705505.0,0.4157144444385658
220,446322.5,0.41405158666081154
221,374605.0,0.4123953803141683
222,404185.0,0.4107457987929116
223,319275.0,0.40910281559774
224,636885.0,0.40746640433534903
225,298602.5,0.4058365387180076
226,367300.0,0.4042131925631356
227,527972.5,0.40259633979288306
228,501475.0,0.40098595443371154
229,424087.5,0.3993820106159767
230,630960.0,0.3977844825735128
231,388487.5,0.39619334464321876
232,493170.0,0.3946085712646459
233,610750.0,0.3930301369795873
234,420965.0,0.39145801643166894
235,347467.5,0.38989218436594225
236,508925.0,0.3883326156284785
237,621935.0,0.38677928516596455
238,684730.0,0.3852321680253007
239,544815.0,0.3836912393531995
240,679482.5,0.3821564743957867
241,679955.0,0.3806278484982036
242,405402.5,0.37910533710421074
243,635550.0,0.3775889157557939
244,734067.5,0.37607856009277074
245,351945.0,0.3745742458523997
246,346892.5,0.3730759488689901
247,392027.5,0.37158364507351416
248,340267.5,0.3700973104932201
249,449997.5,0.36861692125124723
250,727302.5,0.36714245356624226
251,458322.5,0.3656738837519773
252,639807.5,0.3642111882169694
253,462657.5,0.3627543434641015
254,603820.0,0.3613033260902451
255,539925.0,0.35985811278588414
256,708247.5,0.3584186803347406
257,500457.5,0.35698500561340163
258,727577.5,0.355557065590948
259,412142.5,0.35413483732858425
260,867827.5,0.3527182979792699
261,428020.0,0.35130742478735283
262,531422.5,0.3499021950882034
263,815405.0,0.3485025863078506
264,411445.0,0.3471085759626192
265,811307.5,0.3457201416587687
266,653272.5,0.3443372610921336
267,704225.0,0.34295991204776505
268,552050.0,0.341588072399574
269,612662.5,0.3402217201099757
270,576510.0,0.3388608332295358
271,412295.0,0.33750538989661766
272,557520.0,0.3361553683370312
273,603147.5,0.33481074686368306
274,511947.5,0.3334715038762283
275,313690.0,0.3321376178607234
276,648807.5,0.3308090673892805
277,376405.0,0.3294858311197234
278,719935.0,0.32816788779524453
279,591877.5,0.32685521624406355
280,443425.0,0.3255477953790873
281,749772.5,0.3242456041975709
282,552612.5,0.32294862178078065
283,759977.5,0.3216568272936575
284,404067.5,0.3203701999844829
285,577647.5,0.31908871918454496
286,427477.5,0.3178123643078068
287,642327.5,0.31654111485057557
288,628037.5,0.31527495039117326
289,614732.5,0.31401385058960857
290,467550.0,0.3127577951872501
291,844180.0,0.3115067640065011
292,745555.0,0.3102607369504751
293,559025.0,0.3090196940026732
294,512315.0,0.30778361522666253
295,368975.0,0.30655248076575586
296,418820.0,0.3053262708426928
297,797570.0,0.30410496575932205
298,633670.0,0.3028885458962848
299,604457.5,0.3016769917126996
300,766717.5,0.30047028374584883
301,650980.0,0.29926840261086546
302,506687.5,0.298071329000422
303,709597.5,0.2968790436844203
304,505825.0,0.29569152750968264
305,705932.5,0.2945087613996439
306,738947.5,0.2933307263540453
307,787287.5,0.2921574034486291
308,884262.5,0.2909887738348346
309,633842.5,0.2898248187394953
310,734650.0,0.2886655194645373
311,610612.5,0.28751085738667914
312,697045.0,0.2863608139571324
313,650892.5,0.28521537070130387
314,771597.5,0.28407450921849864
315,667537.5,0.28293821118162465
316,632707.5,0.28180645833689816
317,778990.0,0.2806792325035506
318,574825.0,0.2795565155735364
319,671430.0,0.2784382895112422
320,695140.0,0.27732453635319726
321,690027.5,0.2762152382077845
322,718037.5,0.27511037725495335
323,579130.0,0.2740099357459335
324,517232.5,0.2729138960029498
325,758117.5,0.271822240418938
326,772955.0,0.27073495145726223
327,660395.0,0.26965201165143315
328,868270.0,0.2685734036048274
329,772067.5,0.2674991099904081
330,554805.0,0.26642911355044646
331,557880.0,0.2653633970962447
332,550532.5,0.2643019435078597
333,610582.5,0.26324473573382823
334,764725.0,0.2621917567908929
335,614367.5,0.26114298976372935
336,566565.0,0.2600984178046744
337,597170.0,0.2590580241334557
338,755955.0,0.2580217920369219
339,640672.5,0.2569897048687742
340,775777.5,0.2559617460492991
341,1030695.0,0.2549378990651019
342,767282.5,0.2539181474688415
343,485405.0,0.2529024748789661
344,808825.0,0.25189086497945024
345,873852.5,0.2508833015195324
346,462522.5,0.2498797683134543
347,726512.5,0.24888024924020047
348,382562.5,0.24788472824323968
349,653172.5,0.24689318933026672
350,909197.5,0.24590561657294566
351,432345.0,0.24492199410665388
352,629755.0,0.24394230613022727
353,557332.5,0.24296653690570635
354,845777.5,0.24199467075808354
355,909007.5,0.2410266920750512
356,703385.0,0.240062585306751
357,539300.0,0.239102334965524
358,514387.5,0.2381459256256619
359,724822.5,0.23719334192315925
360,515555.0,0.2362445685554666
361,829807.5,0.23529959028124472
362,761250.0,0.23435839192011976
363,709205.0,0.23342095835243928
364,848517.5,0.23248727451902954
365,770217.5,0.23155732542095342
366,530740.0,0.2306310961192696
367,529712.5,0.22970857173479253
368,755735.0,0.22878973744785336
369,806700.0,0.22787457849806195
370,871490.0,0.2269630801840697
371,608672.5,0.2260552278633334
372,575287.5,0.22515100695188006
373,769172.5,0.22425040292407253
374,438915.0,0.22335340131237624
375,492187.5,0.22245998770712674
376,629322.5,0.22157014775629824
377,631962.5,0.22068386716527305
378,609395.0,0.21980113169661195
379,538450.0,0.2189219271698255
380,863060.0,0.2180462394611462
381,641892.5,0.21717405450330163
382,601690.0,0.2163053582852884
383,665365.0,0.21544013685214725
384,645757.5,0.21457837630473867
385,659182.5,0.21372006279951972
386,730130.0,0.21286518254832162
387,659995.0,0.21201372181812833
388,588355.0,0.2111656669308558
389,629725.0,0.21032100426313238
390,484992.5,0.20947972024607986
391,796320.0,0.20864180136509555
392,675882.5,0.20780723415963517
393,762005.0,0.20697600522299664
394,669602.5,0.20614810120210464
395,709957.5,0.20532350879729622
396,720275.0,0.20450221476210703
397,539347.5,0.2036842059030586
398,658080.0,0.20286946907944636
399,794152.5,0.2020579912031286
400,511430.0,0.20124975923831606
401,540255.0,0.2004447602013628
402,745090.0,0.19964298116055734
403,576092.5,0.19884440923591512
404,613760.0,0.19804903159897147
405,723235.0,0.19725683547257558
406,689107.5,0.1964678081306853
407,613372.5,0.19568193689816255
408,815842.5,0.1948992091505699
409,706767.5,0.19411961231396763
410,692195.0,0.19334313386471175
411,505272.5,0.1925697613292529
412,660465.0,0.1917994822839359
413,930040.0,0.19103228435480016
414,841482.5,0.19026815521738097
415,594202.5,0.18950708259651144
416,701555.0,0.1887490542661254
417,711172.5,0.18799405804906089
418,698665.0,0.18724208181686464
419,711380.0,0.18649311348959718
420,790547.5,0.1857471410356388
421,661355.0,0.18500415247149624
422,782762.5,0.18426413586161025
423,746347.5,0.1835270793181638
424,736362.5,0.18279297100089115
425,753277.5,0.18206179911688758
426,583057.5,0.18133355192042003
427,608065.0,0.18060821771273836
428,618925.0,0.17988578484188741
429,732202.5,0.17916624170251985
430,466115.0,0.17844957673570977
431,688647.5,0.17773577842876692
432,646327.5,0.17702483531505186
433,640702.5,0.17631673597379166
434,601430.0,0.1756114690298965
435,598552.5,0.1749090231537769
436,544455.0,0.1742093870611618
437,754757.5,0.17351254951291714
438,661755.0,0.17281849931486548
439,646162.5,0.17212722531760602
440,579037.5,0.1714387164163356
441,790587.5,0.17075296155067024
442,585317.5,0.17006994970446757
443,590510.0,0.1693896699056497
444,673570.0,0.16871211122602708
445,671270.0,0.16803726278112296
446,721392.5,0.16736511372999846
447,681937.5,0.16669565327507846
448,748650.0,0.16602887066197813
449,635375.0,0.16536475517933022
450,717320.0,0.1647032961586129
451,662000.0,0.16404448297397844
452,558150.0,0.16338830504208254
453,722910.0,0.16273475182191421
454,756117.5,0.16208381281462655
455,767535.0,0.16143547756336804
456,857477.5,0.16078973565311458
457,732380.0,0.16014657671050211
458,902225.0,0.1595059904036601
459,748117.5,0.15886796644204546
460,596075.0,0.15823249457627728
461,796777.5,0.15759956459797217
462,633400.0,0.15696916633958027
463,675345.0,0.15634128967422195
464,688475.0,0.15571592451552507
465,784427.5,0.15509306081746296
466,842190.0,0.1544726885741931
467,717910.0,0.15385479781989633
468,648620.0,0.15323937862861675
469,647490.0,0.1526264211141023
470,817645.0,0.15201591542964588
471,693742.5,0.1514078517679273
472,827342.5,0.15080222036085558
473,774525.0,0.15019901147941217
474,589417.5,0.14959821543349452
475,823995.0,0.14899982257176056
476,720195.0,0.14840382328147353
477,867302.5,0.14781020798834762
478,865712.5,0.14721896715639424
479,932585.0,0.14663009128776866
480,891495.0,0.14604357092261758
481,960590.0,0.1454593966389271
482,670885.0,0.14487755905237137
483,647937.5,0.1442980488161619
484,660445.0,0.14372085662089726
485,793577.5,0.14314597319441366
486,687467.5,0.14257338930163602
487,539665.0,0.14200309574442946
488,612942.5,0.14143508336145175
489,643000.0,0.14086934302800594
490,687917.5,0.14030586565589392
491,669475.0,0.13974464219327035
492,889560.0,0.13918566362449727
493,1027507.5,0.1386289209699993
494,686867.5,0.1380744052861193
495,714850.0,0.13752210766497483
496,727435.0,0.13697201923431493
497,640450.0,0.13642413115737767
498,640432.5,0.13587843463274815
499,826465.0,0.13533492089421717
500,669600.0,0.1347935812106403
501,592817.5,0.13425440688579773
502,602912.5,0.13371738925825455
503,798192.5,0.13318251970122152
504,1048567.5,0.13264978962241664
505,887542.5,0.13211919046392698
506,947960.0,0.13159071370207126
507,787405.0,0.13106435084726298
508,805542.5,0.13054009344387393
509,628732.5,0.13001793307009843
510,793930.0,0.12949786133781804
511,608075.0,0.12897986989246676
512,923570.0,0.1284639504128969
513,830340.0,0.12795009461124532
514,648130.0,0.12743829423280034
515,556795.0,0.12692854105586915
516,871137.5,0.12642082689164566
517,909080.0,0.12591514358407907
518,802595.0,0.12541148300974275
519,830630.0,0.12490983707770378
520,721815.0,0.12441019772939296
521,968755.0,0.12391255693847539
522,1164622.5,0.12341690671072149
523,1207377.5,0.1229232390838786
524,989085.0,0.12243154612754309
525,1151132.5,0.12194181994303292
526,1184240.0,0.12145405266326079
527,1224475.0,0.12096823645260775
528,1221365.0,0.12048436350679732
529,939075.0,0.12000242605277013
530,1105347.5,0.11952241634855905
531,1059085.0,0.11904432668316481
532,1102670.0,0.11856814937643215
533,1066930.0,0.11809387677892642
534,1233725.0,0.11762150127181072
535,1209760.0,0.11715101526672347
536,1212445.0,0.11668241120565657
537,1211837.5,0.11621568156083395
538,1110485.0,0.11575081883459061
539,1169750.0,0.11528781555925224
540,1189692.5,0.11482666429701524
541,1279792.5,0.11436735763982718
542,1098572.5,0.11390988820926787
543,1126922.5,0.11345424865643079
544,1075592.5,0.11300043166180507
545,1188827.5,0.11254842993515785
546,1189910.0,0.11209823621541722
547,1137020.0,0.11164984327055555
548,1281332.5,0.11120324389747333
549,1013800.0,0.11075843092188344
550,1024937.5,0.1103153971981959
551,1000135.0,0.10987413560940311
552,548662.5,0.1094346390669655
553,1012402.5,0.10899690051069764
554,978547.5,0.10856091290865486
555,794452.5,0.10812666925702023
556,452272.5,0.10769416257999215
557,1052240.0,0.10726338592967218
558,947400.0,0.10683433238595348
559,1292355.0,0.10640699505640967
560,1434702.5,0.10598136707618404
561,1400425.0,0.1055574416078793
562,1358150.0,0.10513521184144779
563,1251980.0,0.10471467099408201
564,1215637.5,0.10429581231010568
565,977210.0,0.10387862906086526
566,774305.0,0.1034631145446218
567,697900.0,0.10304926208644331
568,738252.5,0.10263706503809754
569,581750.0,0.10222651677794514
570,343067.5,0.10181761071083337
571,881945.0,0.10141034026799003
572,647475.0,0.10100469890691807
573,653740.0,0.1006006801112904
574,540305.0,0.10019827739084525
575,779107.5,0.09979748428128186
576,853435.0,0.09939829434415674
577,912167.5,0.09900070116678011
578,1002980.0,0.098604698362113
579,557602.5,0.09821027956866454
580,836425.0,0.09781743845038988
581,677305.0,0.09742616869658832
582,771070.0,0.09703646402180197
583,409797.5,0.09664831816571476
584,472655.0,0.0962617248930519
585,582010.0,0.0958766779934797
586,470245.0,0.09549317128150578
587,741675.0,0.09511119859637976
588,699762.5,0.09473075380199424
589,445657.5,0.09435183078678626
590,327455.0,0.09397442346363911
591,519370.0,0.09359852576978456
592,556765.0,0.09322413166670541
593,1023000.0,0.0928512351400386
594,749140.0,0.09247983019947845
595,468205.0,0.09210991087868053
596,491055.0,0.09174147123516581
597,237302.5,0.09137450535022515
598,234125.0,0.09100900732882425
599,251825.0,0.09064497129950895
600,310665.0,0.09028239141431091
601,187942.5,0.08992126184865366
602,304327.5,0.08956157680125905
603,269060.0,0.08920333049405402
604,313702.5,0.0888465171720778
605,361502.5,0.08849113110338948
606,205675.0,0.08813716657897593
607,251367.5,0.08778461791266003
608,234260.0,0.08743347944100939
609,278740.0,0.08708374552324535
610,228685.0,0.08673541054115237
611,216437.5,0.08638846889898776
612,246680.0,0.0860429150233918
613,176915.0,0.08569874336329823
614,158460.0,0.08535594838984505
615,287312.5,0.08501452459628567
616,136267.5,0.08467446649790053
617,187592.5,0.08433576863190893
618,225995.0,0.0839984255573813
619,238360.0,0.08366243185515176
620,255705.0,0.08332778212773116
621,256355.0,0.08299447099922024
622,279992.5,0.08266249311522335
623,264690.0,0.08233184314276246
624,261977.5,0.08200251577019141
625,287145.0,0.08167450570711064
626,303267.5,0.0813478076842822
627,253985.0,0.08102241645354506
628,231637.5,0.08069832678773088
629,202337.5,0.08037553348057996
630,197625.0,0.08005403134665764
631,218735.0,0.07973381522127101
632,233092.5,0.07941487996038593
633,513792.5,0.07909722044054439
634,267230.0,0.07878083155878221
635,358420.0,0.07846570823254709
636,229800.0,0.07815184539961689
637,208112.5,0.07783923801801843
638,229827.5,0.07752788106594635
639,239287.5,0.07721776954168257
640,229340.0,0.07690889846351584
641,276410.0,0.07660126286966178
642,320535.0,0.07629485781818313
643,666650.0,0.0759896783869104
644,700205.0,0.07568571967336275
645,656455.0,0.0753829767946693
646,669985.0,0.07508144488749063
647,719157.5,0.07478111910794068
648,644782.5,0.07448199463150891
649,646662.5,0.07418406665298287
650,768722.5,0.07388733038637094
651,678290.0,0.07359178106482545
652,685912.5,0.07329741394056614
653,597075.0,0.07300422428480388
654,325132.5,0.07271220738766467
655,651225.0,0.072421358558114
656,654075.0,0.07213167312388155
657,568620.0,0.07184314643138602
658,575715.0,0.07155577384566048
659,465387.5,0.07126955075027783
660,810250.0,0.07098447254727672
661,908095.0,0.07070053465708762
662,849605.0,0.07041773251845926
663,836202.5,0.07013606158838542
664,710325.0,0.06985551734203188
665,879035.0,0.06957609527266376
666,822465.0,0.0692977908915731
667,840307.5,0.06902059972800681
668,670120.0,0.06874451732909478
669,827580.0,0.0684695392597784
670,753747.5,0.0681956611027393
671,715610.0,0.06792287845832834
672,846167.5,0.06765118694449503
673,703305.0,0.06738058219671704
674,603037.5,0.06711105986793017
675,622315.0,0.06684261562845845
676,615817.5,0.06657524516594461
677,838735.0,0.06630894418528083
678,770340.0,0.06604370840853971
679,818602.5,0.06577953357490555
680,769435.0,0.06551641544060594
681,750035.0,0.0652543497788435
682,821977.5,0.06499333237972814
683,1012952.5,0.06473335905020923
684,1062535.0,0.06447442561400839
685,974335.0,0.06421652791155236
686,822792.5,0.06395966179990614
687,864840.0,0.06370382315270652
688,813057.5,0.06344900786009569
689,820217.5,0.06319521182865531
690,964202.5,0.0629424309813407
691,877300.0,0.06269066125741533
692,974597.5,0.06243989861238567
693,764335.0,0.06219013901793613
694,852765.0,0.061941378461864385
695,766370.0,0.06169361294801693
696,721682.5,0.06144683849622486
697,951387.5,0.06120105114223996
698,893265.0,0.060956246937671
699,956720.0,0.06071242194992032
700,997825.0,0.06046957226212064
701,880662.5,0.060227693973072156
702,962580.0,0.059986783197179865
703,1087562.5,0.05974683606439114
704,993120.0,0.05950784872013358
705,846217.5,0.05926981732525304
706,951415.0,0.05903273805595203
707,710202.5,0.05879660710372822
708,766190.0,0.05856142067531331
709,620115.0,0.05832717499261206
710,920820.0,0.058093866292641606
711,919615.0,0.05786149082747104
712,922760.0,0.05763004486416115
713,844217.5,0.05739952468470451
714,749387.5,0.05716992658596569
715,650622.5,0.05694124687962183
716,782360.0,0.05671348189210334
717,640292.5,0.05648662796453492
718,785215.0,0.056260681452676785
719,764235.0,0.05603563872686608
720,796297.5,0.055811496171958616
721,965132.5,0.05558825018727078
722,839680.0,0.0553658971865217
723,584067.5,0.05514443359777561
724,540490.0,0.05492385586338451
725,559272.5,0.054704160439930975
726,558670.0,0.05448534379817125
727,564122.5,0.05426740242297857
728,708575.0,0.05405033281328665
729,591385.0,0.053834131482033504
730,537542.5,0.05361879495610537
731,655280.0,0.05340431977628095
732,704327.5,0.05319070249717582
733,1094562.5,0.052977939687187114
734,694430.0,0.05276602792843837
735,1073407.5,0.052554963816724615
736,852402.5,0.05234474396145772
737,588022.5,0.05213536498561189
738,798245.0,0.05192682352566944
739,854790.0,0.05171911623156676
740,941707.5,0.051512239766640495
741,938067.5,0.05130619080757393
742,804015.0,0.05110096604434364
743,630922.5,0.05089656218016626
744,494622.5,0.050692975931445595
745,642970.0,0.050490204027719816
746,607005.0,0.050288243211608935
747,881455.0,0.0500870902387625
748,1226522.5,0.04988674187780744
749,727925.0,0.04968719491029621
750,452482.5,0.04948844613065503
751,452677.5,0.049290492346132406
752,518325.0,0.049093330376747873
753,712287.5,0.04889695705524088
754,818650.0,0.04870136922701992
755,487715.0,0.048506563750111836
756,411662.5,0.04831253749511139
757,444047.5,0.04811928734513095
758,533737.5,0.04792681019575042
759,428545.0,0.04773510295496742
760,440800.0,0.04754416254314755
761,418217.5,0.04735398589297496
762,343487.5,0.04716456994940306
763,401790.0,0.04697591166960545
764,446077.5,0.04678800802292703
765,723310.0,0.04660085599083532
766,540875.0,0.04641445256687198
767,629397.5,0.04622879475660449
768,322290.0,0.04604387957757807
769,294610.0,0.04585970405926776
770,230157.5,0.045676265243030686
771,230280.0,0.045493560182058565
772,196785.0,0.04531158594133033
773,293180.0,0.045130339597565
774,278477.5,0.044949818239174745
775,177437.5,0.044770018966218045
776,249460.0,0.04459093889035317
777,293597.5,0.04441257513479176
778,320932.5,0.04423492483425259
779,262817.5,0.04405798513491558
780,216610.0,0.043881753194375914
781,187962.5,0.04370622618159841
782,370967.5,0.043531401276872016
783,264382.5,0.04335727567176453
784,240145.0,0.04318384656907747
785,214085.0,0.04301111118280116
786,226585.0,0.042839066738069954
787,265137.5,0.04266771047111768
788,235225.0,0.04249703962923321
789,225057.5,0.042327051470716276
790,284505.0,0.04215774326483341
791,250077.5,0.04198911229177408
792,193905.0,0.04182115584260698
793,275322.5,0.041653871219236555
794,242017.5,0.04148725573435961
795,327287.5,0.04132130671142217
796,221375.0,0.041156021484576484
797,258440.0,0.04099139739863818
798,200470.0,0.04082743180904362
799,177290.0,0.04066412208180745
800,200132.5,0.04050146559348022
801,234017.5,0.040339459731106295
802,187025.0,0.04017810189218187
803,245510.0,0.04001738948461314
804,328522.5,0.03985731992667469
805,379905.0,0.03969789064696799
806,297985.0,0.03953909908438012
807,207725.0,0.039380942688042604
808,311042.5,0.039223418917290434
809,204772.5,0.03906652524162127
810,228315.0,0.03891025914065478
811,311180.0,0.03875461810409216
812,262540.0,0.03859959963167579
813,290005.0,0.03844520123314909
814,224717.5,0.03829142042821649
815,286655.0,0.038138254746503626
816,212422.5,0.03798570172751761
817,193815.0,0.037833758920607544
818,165990.0,0.03768242388492511
819,218397.5,0.037531694189385414
820,191330.0,0.037381567412627874
821,251947.5,0.03723204114297736
822,268350.0,0.03708311297840545
823,137557.5,0.03693478052649183
824,226270.0,0.036787041404385865
825,229780.0,0.036639893238768324
826,286547.5,0.03649333366581325
827,270707.5,0.03634736033114999
828,160740.0,0.036201970889825394
829,272947.5,0.036057163006266095
830,179980.0,0.03591293435424103
831,167017.5,0.03576928261682407
832,253492.5,0.035626205486356775
833,197645.0,0.035483700664411345
834,198845.0,0.0353417658617537
835,221647.5,0.035200398798306685
836,206537.5,0.03505959720311346
837,289920.0,0.034919358814301006
838,202925.0,0.0347796813790438
839,217765.0,0.03464056265352763
840,224020.0,0.03450200040291352
841,147042.5,0.03436399240130186
842,169582.5,0.03422653643169665
843,193867.5,0.03408963028596987
844,309672.5,0.03395327176482599
845,333380.0,0.033817458677766685
846,252695.0,0.03368218884305562
847,278940.0,0.033547460087683396
848,231240.0,0.03341327024733266
849,233817.5,0.03327961716634333
850,213377.5,0.03314649869767796
851,274465.0,0.03301391270288725
852,267485.0,0.0328818570520757
853,200930.0,0.0327503296238674
854,290185.0,0.032619328305371925
855,298102.5,0.03248885099215044
856,239437.5,0.032358895588181835
857,145780.0,0.03222946000582911
858,232830.0,0.032100542165805795
859,201245.0,0.031972139997142573
860,239507.5,0.031844251437154004
861,222832.5,0.03171687443140539
862,195110.0,0.03159000693367977
863,202277.5,0.03146364690594505
864,233847.5,0.031337792318321275
865,191492.5,0.03121244114904799
866,300060.0,0.031087591384451798
867,226865.0,0.03096324101891399
868,177725.0,0.030839388054838334
869,286935.0,0.03071603050261898
870,194935.0,0.030593166380608505
871,259307.5,0.03047079371508607
872,247165.0,0.030348910540225725
873,291285.0,0.03022751489806482
874,292915.0,0.03010660483847256
875,200485.0,0.03
876,254737.5,0.03
877,165835.0,0.03
878,208167.5,0.03
879,216700.0,0.03
880,279385.0,0.03
881,181197.5,0.03
882,202570.0,0.03
883,143205.0,0.03
884,228477.5,0.03
885,209660.0,0.03
886,185425.0,0.03
887,211642.5,0.03
888,156780.0,0.03
889,268617.5,0.03
890,171017.5,0.03
891,181060.0,0.03
892,235842.5,0.03
893,284855.0,0.03
894,203365.0,0.03
895,179570.0,0.03
896,178370.0,0.03
897,124682.5,0.03
898,204587.5,0.03
899,233327.5,0.03
900,226840.0,0.03
901,333390.0,0.03
902,216752.5,0.03
903,198290.0,0.03
904,230745.0,0.03
905,162110.0,0.03
906,208325.0,0.03
907,234985.0,0.03
908,204052.5,0.03
909,251032.5,0.03
910,227350.0,0.03
911,231510.0,0.03
912,216662.5,0.03
913,282087.5,0.03
914,212662.5,0.03
915,132662.5,0.03
916,218295.0,0.03
917,192000.0,0.03
918,148155.0,0.03
919,230940.0,0.03
920,191470.0,0.03
921,206725.0,0.03
922,215405.0,0.03
923,189865.0,0.03
924,210482.5,0.03
925,263697.5,0.03
926,228192.5,0.03
927,212382.5,0.03
928,220037.5,0.03
929,192770.0,0.03
930,194995.0,0.03
931,230332.5,0.03
932,216295.0,0.03
933,232275.0,0.03
934,197240.0,0.03
935,218405.0,0.03
936,223477.5,0.03
937,227180.0,0.03
938,206395.0,0.03
939,278022.5,0.03
940,208460.0,0.03
941,209610.0,0.03
942,192230.0,0.03
943,239932.5,0.03
944,244085.0,0.03
945,291797.5,0.03
946,244225.0,0.03
947,158140.0,0.03
948,166172.5,0.03
949,175895.0,0.03
950,209927.5,0.03
951,193657.5,0.03
952,208635.0,0.03
953,136545.0,0.03
954,228397.5,0.03
955,228297.5,0.03
956,183862.5,0.03
957,235797.5,0.03
958,175570.0,0.03
959,160517.5,0.03
960,180565.0,0.03
961,213837.5,0.03
962,203200.0,0.03
963,191205.0,0.03
964,145875.0,0.03
965,211585.0,0.03
966,192527.5,0.03
967,308920.0,0.03
968,179517.5,0.03
969,217375.0,0.03
970,245952.5,0.03
971,234677.5,0.03
972,259585.0,0.03
973,144037.5,0.03
974,202927.5,0.03
975,242127.5,0.03
976,257602.5,0.03
977,192950.0,0.03
978,294952.5,0.03
979,169080.0,0.03
980,172177.5,0.03
981,226865.0,0.03
982,158435.0,0.03
983,247380.0,0.03
984,234675.0,0.03
985,281867.5,0.03
986,325922.5,0.03
987,229002.5,0.03
988,235157.5,0.03
989,166697.5,0.03
990,175225.0,0.03
991,246937.5,0.03
992,199987.5,0.03
993,223315.0,0.03
994,171912.5,0.03
995,236527.5,0.03
996,180932.5,0.03
997,190477.5,0.03
998,168352.5,0.03
999,186630.0,0.03
1000,176402.5,0.03
1001,165487.5,0.03
1002,218650.0,0.03
1003,169565.0,0.03
1004,302465.0,0.03
1005,292920.0,0.03
1006,249142.5,0.03
1007,270745.0,0.03
1008,313545.0,0.03
1009,314955.0,0.03
1010,259390.0,0.03
1011,247612.5,0.03
1012,180335.0,0.03
1013,182362.5,0.03
1014,201742.5,0.03
1015,154640.0,0.03
1016,114325.0,0.03
1017,203835.0,0.03
1018,186427.5,0.03
1019,121060.0,0.03
1020,211955.0,0.03
1021,191545.0,0.03
1022,248620.0,0.03
1023,342305.0,0.03
1024,307202.5,0.03
1025,360857.5,0.03
1026,323945.0,0.03
1027,308167.5,0.03
1028,345330.0,0.03
1029,348292.5,0.03
1030,226282.5,0.03
1031,346575.0,0.03
1032,316395.0,0.03
1033,305607.5,0.03
1034,208227.5,0.03
1035,247085.0,0.03
1036,199695.0,0.03
1037,211767.5,0.03
1038,307177.5,0.03
1039,227007.5,0.03
1040,315267.5,0.03
1041,355357.5,0.03
1042,218675.0,0.03
1043,271485.0,0.03
1044,315565.0,0.03
1045,298805.0,0.03
1046,339892.5,0.03
1047,323005.0,0.03
1048,252970.0,0.03
1049,334492.5,0.03
1050,323667.5,0.03
1051,314782.5,0.03
1052,292325.0,0.03
1053,257662.5,0.03
1054,225075.0,0.03
1055,301410.0,0.03
1056,360275.0,0.03
1057,300470.0,0.03
1058,377747.5,0.03
1059,300235.0,0.03
1060,258872.5,0.03
1061,195767.5,0.03
1062,242857.5,0.03
1063,314025.0,0.03
1064,298190.0,0.03
1065,301500.0,0.03
1066,359905.0,0.03
1067,373802.5,0.03
1068,252897.5,0.03
1069,274517.5,0.03
1070,247460.0,0.03
1071,257962.5,0.03
1072,271692.5,0.03
1073,312127.5,0.03
1074,309202.5,0.03
1075,258507.5,0.03
1076,376805.0,0.03
1077,333347.5,0.03
1078,342725.0,0.03
1079,312160.0,0.03
1080,300347.5,0.03
1081,248090.0,0.03
1082,242990.0,0.03
1083,247015.0,0.03
1084,312402.5,0.03
1085,283505.0,0.03
1086,275105.0,0.03
1087,260162.5,0.03
1088,236665.0,0.03
1089,244150.0,0.03
1090,255900.0,0.03
1091,275005.0,0.03
1092,250022.5,0.03
1093,290230.0,0.03
1094,299612.5,0.03
1095,240642.5,0.03
1096,229795.0,0.03
1097,249465.0,0.03
1098,168837.5,0.03
1099,336945.0,0.03
1100,346622.5,0.03
1101,308552.5,0.03
1102,213085.0,0.03
1103,157372.5,0.03
1104,190062.5,0.03
1105,197802.5,0.03
1106,124510.0,0.03
1107,184972.5,0.03
1108,234025.0,0.03
1109,208720.0,0.03
1110,185802.5,0.03
1111,244807.5,0.03
1112,205115.0,0.03
1113,140667.5,0.03
1114,132620.0,0.03
1115,147552.5,0.03
1116,201612.5,0.03
1117,205110.0,0.03
1118,258562.5,0.03
1119,214685.0,0.03
1120,140690.0,0.03
1121,175905.0,0.03
1122,198475.0,0.03
1123,215050.0,0.03
1124,171892.5,0.03
1125,194237.5,0.03
1126,160240.0,0.03
1127,159477.5,0.03
1128,130232.5,0.03
1129,187892.5,0.03
1130,228245.0,0.03
1131,192465.0,0.03
1132,148930.0,0.03
1133,188607.5,0.03
1134,147872.5,0.03
1135,154065.0,0.03
1136,165107.5,0.03
1137,138800.0,0.03
1138,162680.0,0.03
1139,137355.0,0.03
1140,155360.0,0.03
1141,219685.0,0.03
1142,247647.5,0.03
1143,155342.5,0.03
1144,232190.0,0.03
1145,171370.0,0.03
1146,168017.5,0.03
1147,133677.5,0.03
1148,128497.5,0.03
1149,125785.0,0.03
1150,140467.5,0.03
1151,126265.0,0.03
1152,157880.0,0.03
1153,150302.5,0.03
1154,131647.5,0.03
1155,141780.0,0.03
1156,178777.5,0.03
1157,128665.0,0.03
1158,148792.5,0.03
1159,134775.0,0.03
1160,168175.0,0.03
1161,143022.5,0.03
1162,207545.0,0.03
1163,154255.0,0.03
1164,150745.0,0.03
1165,155790.0,0.03
1166,155597.5,0.03
1167,160975.0,0.03
1168,150907.5,0.03
1169,137130.0,0.03
1170,132002.5,0.03
1171,165532.5,0.03
1172,137162.5,0.03
1173,120632.5,0.03
1174,131125.0,0.03
1175,164462.5,0.03
1176,138485.0,0.03
1177,140655.0,0.03
1178,130580.0,0.03
1179,148160.0,0.03
1180,127490.0,0.03
1181,142167.5,0.03
1182,146665.0,0.03
1183,138325.0,0.03
1184,153280.0,0.03
1185,137710.0,0.03
1186,135895.0,0.03
1187,153490.0,0.03
1188,141650.0,0.03
1189,128692.5,0.03
1190,148247.5,0.03
1191,152080.0,0.03
1192,154685.0,0.03
1193,156417.5,0.03
1194,153992.5,0.03
1195,141955.0,0.03
1196,140965.0,0.03
1197,135800.0,0.03
1198,151080.0,0.03
1199,152690.0,0.03
1200,149280.0,0.03
1201,149855.0,0.03
1202,157052.5,0.03
1203,175102.5,0.03
1204,156960.0,0.03
1205,167965.0,0.03
1206,161657.5,0.03
1207,152697.5,0.03
1208,150537.5,0.03
1209,149887.5,0.03
1210,147197.5,0.03
1211,158945.0,0.03
1212,135060.0,0.03
1213,133442.5,0.03
1214,140747.5,0.03
1215,146767.5,0.03
1216,158662.5,0.03
1217,139592.5,0.03
1218,149475.0,0.03
1219,140202.5,0.03
1220,136782.5,0.03
1221,148497.5,0.03
1222,147785.0,0.03
1223,168972.5,0.03
1224,144185.0,0.03
1225,148007.5,0.03
1226,155130.0,0.03
1227,125392.5,0.03
1228,148170.0,0.03
1229,144512.5,0.03
1230,146080.0,0.03
1231,145122.5,0.03
1232,148157.5,0.03
1233,147747.5,0.03
1234,143485.0,0.03
1235,161747.5,0.03
1236,149430.0,0.03
1237,154120.0,0.03
1238,152235.0,0.03
1239,132642.5,0.03
1240,155342.5,0.03
1241,156187.5,0.03
1242,146015.0,0.03
1243,133350.0,0.03
1244,152575.0,0.03
1245,139120.0,0.03
1246,139327.5,0.03
1247,140267.5,0.03
1248,144247.5,0.03
1249,168135.0,0.03
1250,132240.0,0.03
1251,132320.0,0.03
1252,145567.5,0.03
1253,126955.0,0.03
1254,142245.0,0.03
1255,148857.5,0.03
1256,179457.5,0.03
1257,142005.0,0.03
1258,151525.0,0.03
1259,152582.5,0.03
1260,148500.0,0.03
1261,135160.0,0.03
1262,153555.0,0.03
1263,168407.5,0.03
1264,143397.5,0.03
1265,149862.5,0.03
1266,144715.0,0.03
1267,145397.5,0.03
1268,145792.5,0.03
1269,148462.5,0.03
1270,145202.5,0.03
1271,133755.0,0.03
1272,130877.5,0.03
1273,139417.5,0.03
1274,140947.5,0.03
1275,136640.0,0.03
1276,141735.0,0.03
1277,144230.0,0.03
1278,142570.0,0.03
1279,137740.0,0.03
1280,140432.5,0.03
1281,127447.5,0.03
1282,128497.5,0.03
1283,145767.5,0.03
1284,131817.5,0.03
1285,130305.0,0.03
1286,139637.5,0.03
1287,147400.0,0.03
1288,134360.0,0.03
1289,118047.5,0.03
1290,137512.5,0.03
1291,130980.0,0.03
1292,130070.0,0.03
1293,143377.5,0.03
1294,136465.0,0.03
1295,139950.0,0.03
1296,121045.0,0.03
1297,155177.5,0.03
1298,130147.5,0.03
1299,133772.5,0.03
1300,138162.5,0.03
1301,144940.0,0.03
1302,150427.5,0.03
1303,141545.0,0.03
1304,132800.0,0.03
1305,127365.0,0.03
1306,133167.5,0.03
1307,128060.0,0.03
1308,132052.5,0.03
1309,129640.0,0.03
1310,130365.0,0.03
1311,145955.0,0.03
1312,138945.0,0.03
1313,132335.0,0.03
1314,128580.0,0.03
1315,149540.0,0.03
1316,139392.5,0.03
1317,140740.0,0.03
1318,133692.5,0.03
1319,136500.0,0.03
1320,144157.5,0.03
1321,128477.5,0.03
1322,165395.0,0.03
1323,136282.5,0.03
1324,138660.0,0.03
1325,136787.5,0.03
1326,125522.5,0.03
1327,134445.0,0.03
1328,133817.5,0.03
1329,143755.0,0.03
1330,133115.0,0.03
1331,135437.5,0.03
1332,131850.0,0.03
1333,134230.0,0.03
1334,128757.5,0.03
1335,149265.0,0.03
1336,148227.5,0.03
1337,140355.0,0.03
1338,136752.5,0.03
1339,142897.5,0.03
1340,135522.5,0.03
1341,135930.0,0.03
1342,135335.0,0.03
1343,127580.0,0.03
1344,169020.0,0.03
1345,129542.5,0.03
1346,132367.5,0.03
1347,128617.5,0.03
1348,132647.5,0.03
1349,129537.5,0.03
1350,125140.0,0.03
1351,131277.5,0.03
1352,141227.5,0.03
1353,139332.5,0.03
1354,137785.0,0.03
1355,152887.5,0.03
1356,133547.5,0.03
1357,131747.5,0.03
1358,155867.5,0.03
1359,133087.5,0.03
1360,141187.5,0.03
1361,124295.0,0.03
1362,122972.5,0.03
1363,120560.0,0.03
1364,124602.5,0.03
1365,132937.5,0.03
1366,121560.0,0.03
1367,133742.5,0.03
1368,127285.0,0.03
1369,130880.0,0.03
1370,129947.5,0.03
1371,126425.0,0.03
1372,140455.0,0.03
1373,131052.5,0.03
1374,140265.0,0.03
1375,136287.5,0.03
1376,142507.5,0.03
1377,133202.5,0.03
1378,141992.5,0.03
1379,128477.5,0.03
1380,120042.5,0.03
1381,126375.0,0.03
1382,123377.5,0.03
1383,127695.0,0.03
1384,140120.0,0.03
1385,129127.5,0.03
1386,136482.5,0.03
1387,143317.5,0.03
1388,132722.5,0.03
1389,135490.0,0.03
1390,127550.0,0.03
1391,148770.0,0.03
1392,129800.0,0.03
1393,133982.5,0.03
1394,126575.0,0.03
1395,141037.5,0.03
1396,136322.5,0.03
1397,143850.0,0.03
1398,136285.0,0.03
1399,140140.0,0.03
1400,139290.0,0.03
1401,148060.0,0.03
1402,147410.0,0.03
1403,134855.0,0.03
1404,136867.5,0.03
1405,132060.0,0.03
1406,134447.5,0.03
1407,131550.0,0.03
1408,125237.5,0.03
1409,125670.0,0.03
1410,119517.5,0.03
1411,135997.5,0.03
1412,126865.0,0.03
1413,145732.5,0.03
1414,129612.5,0.03
1415,124345.0,0.03
1416,119260.0,0.03
1417,124932.5,0.03
1418,143787.5,0.03
1419,123767.5,0.03
1420,127770.0,0.03
1421,135512.5,0.03
1422,119327.5,0.03
1423,122767.5,0.03
1424,121930.0,0.03
1425,124840.0,0.03
1426,133592.5,0.03
1427,148390.0,0.03
1428,132430.0,0.03
1429,123302.5,0.03
1430,128240.0,0.03
1431,144867.5,0.03
1432,125982.5,0.03
1433,119147.5,0.03
1434,125242.5,0.03
1435,126162.5,0.03
1436,138310.0,0.03
1437,120295.0,0.03
1438,156062.5,0.03
1439,162037.5,0.03
1440,124717.5,0.03
1441,129475.0,0.03
1442,127810.0,0.03
1443,120327.5,0.03
1444,118877.5,0.03
1445,141850.0,0.03
1446,127782.5,0.03
1447,136010.0,0.03
1448,121827.5,0.03
1449,136657.5,0.03
1450,124607.5,0.03
1451,121332.5,0.03
1452,122117.5,0.03
1453,116065.0,0.03
1454,126700.0,0.03
1455,136905.0,0.03
1456,120307.5,0.03
1457,133825.0,0.03
1458,125852.5,0.03
1459,121060.0,0.03
1460,126580.0,0.03
1461,131472.5,0.03
1462,118155.0,0.03
1463,127740.0,0.03
1464,118137.5,0.03
1465,132565.0,0.03
1466,123932.5,0.03
1467,121947.5,0.03
1468,129257.5,0.03
1469,124730.0,0.03
1470,118860.0,0.03
1471,134127.5,0.03
1472,150725.0,0.03
1473,130785.0,0.03
1474,120642.5,0.03
1475,118497.5,0.03
1476,120705.0,0.03
1477,116192.5,0.03
1478,115757.5,0.03
1479,134505.0,0.03
1480,132280.0,0.03
1481,129970.0,0.03
1482,115560.0,0.03
1483,132102.5,0.03
1484,112652.5,0.03
1485,118830.0,0.03
1486,119497.5,0.03
1487,120832.5,0.03
1488,142292.5,0.03
1489,133342.5,0.03
1490,141580.0,0.03
1491,123482.5,0.03
1492,120985.0,0.03
1493,119592.5,0.03
1494,118315.0,0.03
1495,115370.0,0.03
1496,124430.0,0.03
1497,116925.0,0.03
1498,122317.5,0.03
1499,136920.0,0.03
1500,117172.5,0.03
