episode,episode_cost,loss
1,1009470.0,13823222.0
2,1202582.5,20979410.0
3,849377.5,11120447.0
4,869837.5,11060381.0
5,907442.5,11202177.0
6,786875.0,9888401.0
7,662752.5,6647287.5
8,652005.0,5853723.5
9,828535.0,9006314.0
10,889137.5,14328773.0
11,723245.0,7787860.5
12,908730.0,12877544.0
13,854065.0,10670429.0
14,1030275.0,15098209.0
15,1138675.0,21836994.0
16,1134075.0,21630894.0
17,970117.5,12228059.0
18,1021250.0,16409774.0
19,779350.0,8386886.5
20,1184700.0,21371514.0
21,1049555.0,15736312.0
22,699650.0,7699957.0
23,722995.0,7363655.0
24,776582.5,8955864.0
25,911990.0,11529879.0
26,846750.0,10856663.0
27,919435.0,13067380.0
28,912695.0,12469198.0
29,1112335.0,17007546.0
30,845645.0,11384038.0
31,792825.0,10241985.0
32,755592.5,8681281.0
33,964935.0,12935354.0
34,675515.0,6594201.0
35,710552.5,7396102.0
36,866380.0,10708738.0
37,930347.5,11695740.0
38,1097210.0,16776310.0
39,939057.5,13163645.0
40,1039375.0,15273332.0
41,1058452.5,15886956.0
42,1146542.5,17332854.0
43,889560.0,11873385.0
44,938277.5,13356028.0
45,848997.5,9510150.0
46,867870.0,9721982.0
47,968902.5,12974522.0
48,904532.5,11749437.0
49,1073402.5,17074896.0
50,1023532.5,15339364.0
51,968327.5,13179387.0
52,866870.0,9379202.0
53,715617.5,7482910.0
54,948427.5,13506313.0
55,794165.0,9338559.0
56,758105.0,8632078.0
57,922835.0,11630607.0
58,988917.5,13184186.0
59,1014070.0,15303095.0
60,787892.5,8763900.0
61,979052.5,12443281.0
62,904830.0,11379077.0
63,927787.5,12092780.0
64,738220.0,7635613.5
65,964557.5,12005025.0
66,767645.0,7749830.0
67,929680.0,12171565.0
68,800495.0,8749108.0
69,879492.5,11712036.0
70,829820.0,9830371.0
71,859925.0,10477019.0
72,909477.5,13409908.0
73,662775.0,5542442.0
74,709887.5,7995609.0
75,911915.0,11767864.0
76,1024250.0,15627860.0
77,958090.0,12416970.0
78,837955.0,9553921.0
79,693547.5,7437659.5
80,874995.0,10413463.0
81,857097.5,10171115.0
82,969212.5,14539704.0
83,824975.0,9577085.0
84,831487.5,9784452.0
85,993842.5,14963597.0
86,828430.0,10370820.0
87,1082687.5,17422236.0
88,855020.0,10286401.0
89,759780.0,9112515.0
90,772480.0,8469638.0
91,688995.0,6327292.0
92,960652.5,11805311.0
93,790575.0,9473967.0
94,751682.5,8017566.5
95,826075.0,8835538.0
96,897865.0,12060278.0
97,915995.0,11857423.0
98,885802.5,11154673.0
99,811200.0,9321694.0
100,959075.0,12729012.0
101,839427.5,10977085.0
102,761452.5,8039378.5
103,795517.5,8862208.0
104,937862.5,13247510.0
105,762480.0,8085698.0
106,725765.0,7865755.0
107,891752.5,11467095.0
108,836907.5,10322241.0
109,988672.5,10981381.0
110,729200.0,7373625.0
111,712955.0,7480837.0
112,641527.5,5752750.0
113,688297.5,6682053.0
114,912405.0,11648724.0
115,822230.0,9917361.0
116,884030.0,10403283.0
117,846780.0,9921775.0
118,762037.5,8527069.0
119,747992.5,7684803.0
120,804440.0,8936376.0
121,673735.0,6274216.5
122,794495.0,8406794.0
123,714010.0,7982334.5
124,586742.5,4508940.5
125,473725.0,3131431.75
126,650207.5,5096286.0
127,590817.5,5046277.0
128,662080.0,6245940.0
129,595620.0,5180561.5
130,683767.5,5714545.0
131,710665.0,8118388.0
132,613392.5,5659280.0
133,537505.0,3956804.25
134,633492.5,4992439.5
135,527667.5,4046558.75
136,468515.0,3481152.0
137,670622.5,7018190.0
138,456355.0,2878164.75
139,485875.0,3000976.5
140,641975.0,5892865.5
141,496160.0,3326533.0
142,572235.0,4677245.5
143,570865.0,5021258.5
144,692482.5,7053467.5
145,545827.5,3932303.0
146,406112.5,2069957.0
147,483862.5,3563204.25
148,445115.0,3290914.0
149,580822.5,4460163.0
150,412420.0,2177704.75
151,556220.0,4777686.0
152,719642.5,6829537.5
153,655025.0,6393100.5
154,437845.0,2764951.25
155,420005.0,2110034.5
156,412145.0,2594410.25
157,384152.5,1828303.75
158,348030.0,1697463.5
159,400387.5,2510860.5
160,369080.0,1805683.375
161,470077.5,2918933.5
162,330022.5,1280627.5
163,468527.5,3882486.0
164,317870.0,1329928.5
165,530400.0,4509035.5
166,510720.0,3849013.75
167,557280.0,4876617.5
168,330677.5,1314546.5
169,307135.0,1461317.375
170,238295.0,765863.1875
171,372572.5,1951198.25
172,389020.0,2333923.25
173,413490.0,2993333.25
174,332742.5,1348917.5
175,417630.0,2267865.75
176,358837.5,1836513.5
177,426707.5,2586580.25
178,389692.5,2248642.5
179,399930.0,2368947.5
180,525765.0,4163564.5
181,597442.5,5506790.5
182,399972.5,2461842.0
183,486215.0,3148910.5
184,325797.5,1412920.5
185,314942.5,1265399.0
186,241815.0,771340.6875
187,467107.5,3817066.0
188,384882.5,2263667.75
189,356957.5,1782095.375
190,319075.0,1730507.875
191,276160.0,1013982.3125
192,435947.5,2392893.0
193,712362.5,6648212.5
194,470435.0,3005065.0
195,460760.0,2717945.0
196,364697.5,1915516.125
197,498512.5,4200316.0
198,318935.0,1527440.75
199,698180.0,7232239.5
200,428387.5,2578648.75
201,311072.5,1417410.125
202,340292.5,1347029.5
203,494350.0,2908005.25
204,542577.5,4934175.5
205,463740.0,3419702.75
206,298885.0,1042657.3125
207,450645.0,3081066.5
208,556332.5,5715367.5
209,427542.5,2860615.75
210,349012.5,1340564.25
211,435920.0,2599210.5
212,366775.0,1608895.0
213,538670.0,4920827.5
214,575620.0,5938391.0
215,364790.0,1712226.625
216,387682.5,2303455.75
217,317247.5,1336120.5
218,444900.0,3063870.5
219,428510.0,2611521.0
220,266852.5,1114244.5
221,510020.0,3522171.75
222,476252.5,3442845.75
223,378235.0,1787360.5
224,298010.0,1358772.875
225,378620.0,2416094.0
226,308927.5,1325138.625
227,512905.0,4365883.5
228,390972.5,2201511.0
229,480977.5,3183250.0
230,592000.0,6036609.5
231,496127.5,3866653.0
232,469627.5,3499898.5
233,483305.0,3599863.25
234,300305.0,1307772.125
235,464687.5,3449964.0
236,444655.0,2965413.25
237,647310.0,7765172.0
238,541877.5,5062807.5
239,596460.0,5660676.0
240,741937.5,9353210.0
241,664445.0,7898625.5
242,582860.0,5197839.0
243,350432.5,1906834.0
244,521670.0,3889866.75
245,454740.0,2900390.25
246,481102.5,3400330.75
247,679862.5,7178126.0
248,843057.5,10974702.0
249,445745.0,2945331.0
250,531847.5,4160556.0
251,707645.0,8086878.5
252,515725.0,4878482.5
253,655537.5,7562006.0
254,719145.0,7885566.5
255,658600.0,6943216.5
256,640935.0,7198417.5
257,528560.0,5231974.0
258,653572.5,6863670.0
259,622205.0,5826041.5
260,479955.0,4146100.5
261,684865.0,7975428.0
262,586312.5,5353522.0
263,525287.5,4339701.5
264,581955.0,5469618.0
265,643615.0,6637597.0
266,358742.5,1842498.5
267,688620.0,7529612.0
268,552062.5,4939212.5
269,377227.5,2128712.0
270,685610.0,7749271.0
271,605060.0,5809170.5
272,544497.5,5008380.5
273,538832.5,4035881.5
274,598950.0,5799633.0
275,463777.5,3477972.5
276,332452.5,1696621.875
277,517362.5,5030637.5
278,635385.0,5993744.5
279,612272.5,6644986.0
280,551217.5,4612373.0
281,579697.5,5359679.5
282,355852.5,1665807.0
283,299147.5,1286598.625
284,693327.5,8677980.0
285,513445.0,4982010.0
286,532157.5,5227945.0
287,381902.5,2232946.5
288,322747.5,1541807.25
289,332730.0,1570287.5
290,476400.0,3847056.75
291,599470.0,5459240.5
292,408295.0,2539387.5
293,500525.0,4222849.0
294,462952.5,3280811.5
295,353787.5,2056683.75
296,493735.0,3621309.0
297,400820.0,2627989.0
298,480655.0,3774911.25
299,371700.0,2061739.5
300,286405.0,989916.25
301,522852.5,4658216.5
302,619737.5,5838298.0
303,504997.5,4673945.5
304,525312.5,4388008.0
305,339440.0,1887822.125
306,619755.0,5845689.0
307,482600.0,3914701.25
308,421532.5,2671103.75
309,569625.0,4949824.0
310,641085.0,7720223.0
311,531177.5,5081165.0
312,345807.5,1448857.625
313,411345.0,2552276.5
314,452250.0,3137104.25
315,485307.5,3539973.75
316,317630.0,1368388.0
317,582817.5,4654636.0
318,485962.5,3700595.5
319,315782.5,1146668.0
320,485750.0,4076023.75
321,283835.0,1154675.375
322,539670.0,4314372.0
323,567587.5,4999046.5
324,538282.5,4683413.0
325,472227.5,3608249.25
326,480302.5,2980366.75
327,513017.5,4247938.5
328,461295.0,3604754.5
329,468667.5,3621735.0
330,669112.5,8036918.0
331,595097.5,5458826.0
332,435880.0,3069689.25
333,680352.5,8600817.0
334,515175.0,3648012.5
335,431467.5,3056204.5
336,451875.0,2315170.0
337,597050.0,5720486.5
338,361205.0,2029128.125
339,586720.0,5905710.0
340,578617.5,5336536.0
341,468962.5,3476498.25
342,884070.0,13747896.0
343,666542.5,7816521.5
344,723422.5,8187118.0
345,583312.5,5674724.0
346,613192.5,5633912.5
347,305312.5,1058463.375
348,404457.5,2580649.25
349,456655.0,3729577.75
350,417267.5,2654185.0
351,403792.5,1957934.875
352,508315.0,4139521.5
353,564440.0,4834005.0
354,380467.5,2194657.0
355,692705.0,8226358.5
356,571765.0,6125506.5
357,594247.5,5839159.0
358,334982.5,1586752.125
359,617332.5,7133241.5
360,604475.0,6680663.0
361,577810.0,5552571.0
362,732630.0,9316218.0
363,438002.5,2529919.5
364,503330.0,4259912.5
365,759497.5,10078086.0
366,703810.0,8473900.0
367,629932.5,7095056.5
368,650980.0,6588675.5
369,391552.5,2323835.75
370,535992.5,5077891.0
371,405552.5,2555925.25
372,427110.0,2991077.0
373,587597.5,4603353.0
374,409755.0,2564441.0
375,610427.5,4691246.5
376,532775.0,4948491.0
377,844555.0,13553559.0
378,462435.0,3187845.75
379,484312.5,3649678.0
380,375115.0,2170033.5
381,501907.5,3350685.25
382,596502.5,6025264.5
383,561352.5,4998320.0
384,596587.5,5892462.5
385,790460.0,9745332.0
386,404537.5,2367376.75
387,536032.5,4881660.0
388,313137.5,1266947.0
389,503790.0,3713624.75
390,358097.5,1889988.625
391,434792.5,3025488.75
392,589600.0,5860230.5
393,669950.0,8076361.0
394,435445.0,3197963.75
395,579235.0,5352588.0
396,385630.0,2120363.25
397,519750.0,3416799.75
398,523860.0,4812211.0
399,507880.0,3655828.5
400,309257.5,1470878.5
401,425487.5,2605036.75
402,316927.5,1501884.25
403,337692.5,1430697.875
404,519617.5,3956914.0
405,429852.5,2935177.0
406,486752.5,3664629.75
407,469190.0,3319495.25
408,740642.5,8984928.0
409,463865.0,2890984.75
410,370462.5,2043969.375
411,609590.0,4588793.5
412,472255.0,3584703.25
413,485897.5,3823164.75
414,454147.5,3494740.75
415,494867.5,4809788.0
416,422830.0,2426934.5
417,619030.0,6501598.5
418,454750.0,2883446.75
419,380727.5,2028764.75
420,451392.5,3160565.5
421,532722.5,4253727.0
422,702720.0,8716195.0
423,497115.0,4319353.5
424,482735.0,3393016.75
425,536015.0,4909955.5
426,621285.0,5819714.5
427,289032.5,1080340.75
428,390090.0,2190080.0
429,509532.5,3896394.75
430,506495.0,3697445.0
431,632062.5,6483865.0
432,375040.0,2350534.5
433,737365.0,8071746.0
434,496847.5,3485716.75
435,374317.5,1568710.25
436,473722.5,3384156.5
437,354752.5,1374853.625
438,358745.0,1619605.0
439,325125.0,1532534.75
440,380467.5,2240676.75
441,725325.0,8167695.5
442,385337.5,2011287.0
443,539187.5,4934360.5
444,695067.5,7398731.5
445,330550.0,1292869.875
446,235575.0,718485.875
447,500550.0,3843097.25
448,647087.5,5458790.5
449,497470.0,3906423.0
450,643037.5,6828449.5
451,390420.0,1767221.0
452,847487.5,11497829.0
453,770220.0,9895276.0
454,373782.5,1984145.75
455,345345.0,1433521.625
456,384795.0,2128503.75
457,464872.5,3335979.0
458,336917.5,1724201.875
459,352067.5,1539084.25
460,391005.0,1988855.125
461,573747.5,4375388.5
462,579787.5,4728407.5
463,342615.0,1733951.25
464,388190.0,2093477.875
465,505887.5,3158128.0
466,412300.0,2292850.75
467,347870.0,1485028.375
468,497335.0,4012059.25
469,428290.0,2914798.0
470,432875.0,2907157.0
471,566612.5,4995022.0
472,370717.5,1876167.375
473,532220.0,4034509.5
474,417845.0,2109588.75
475,475727.5,2814102.5
476,742710.0,7743911.5
477,565182.5,4142252.75
478,457732.5,2829966.0
479,414540.0,1890735.75
480,411007.5,2480494.25
481,331795.0,1435812.375
482,440937.5,3047367.5
483,418687.5,2245562.5
484,611840.0,4889633.0
485,349170.0,1531858.375
486,511865.0,4758737.0
487,478360.0,3010055.5
488,388055.0,1949489.625
489,499845.0,3154584.25
490,437355.0,2228215.0
491,632867.5,5842025.5
492,531875.0,4659338.0
493,568042.5,4508622.5
494,667540.0,7357394.0
495,438827.5,2405490.5
496,524652.5,4358292.0
497,371907.5,1797626.0
498,541612.5,4835161.5
499,401460.0,2437213.0
500,447852.5,3104035.75
501,379130.0,1773564.125
502,398445.0,2177174.5
503,286760.0,1010478.0
504,553217.5,4859515.5
505,505785.0,3139466.0
506,421160.0,2420169.0
507,468862.5,3216642.5
508,366965.0,1270508.25
509,286007.5,828792.5625
510,474507.5,2964736.0
511,651590.0,6455691.0
512,307335.0,1423344.25
513,417290.0,2257811.0
514,521970.0,3792858.75
515,436067.5,2521792.5
516,399255.0,2021994.25
517,416627.5,2107479.5
518,357107.5,2028595.625
519,338357.5,1801194.375
520,636447.5,7306192.5
521,417440.0,2689446.5
522,314572.5,973176.375
523,294227.5,1136673.75
524,387132.5,1774871.375
525,391780.0,2540425.5
526,468307.5,3033345.0
527,377402.5,2198382.75
528,411910.0,2153811.0
529,249977.5,842217.25
530,346367.5,1727330.875
531,562967.5,4495609.5
532,431510.0,2743984.75
533,296472.5,1236138.625
534,432325.0,2746953.25
535,483270.0,4025571.25
536,308195.0,1247075.75
537,862260.0,12428612.0
538,564450.0,5101669.0
539,329197.5,1621509.0
540,446367.5,3246641.75
541,550830.0,4683536.5
542,797357.5,9640361.0
543,313242.5,1209843.625
544,289832.5,1103983.0
545,258285.0,938406.5
546,250867.5,782549.5
547,383127.5,2346730.5
548,255287.5,917624.75
549,477960.0,3396624.5
550,321565.0,1409539.5
551,254040.0,754915.3125
552,343942.5,1260571.75
553,332697.5,1396998.125
554,372280.0,1758521.75
555,264292.5,641991.375
556,428600.0,2795067.0
557,306442.5,1287326.125
558,259382.5,911769.9375
559,349780.0,1686391.625
560,312940.0,1124487.25
561,332120.0,1368644.75
562,503167.5,3254318.0
563,384322.5,1972977.125
564,377342.5,2355338.0
565,311175.0,1381714.5
566,317282.5,1440012.125
567,482410.0,3596555.0
568,489462.5,3761825.75
569,374325.0,1881498.5
570,531815.0,3085840.25
571,444397.5,2607383.75
572,857095.0,11755729.0
573,417605.0,2379624.5
574,541635.0,4088081.25
575,315870.0,1315672.25
576,442305.0,2902602.25
577,497860.0,3158406.25
578,453607.5,3218625.75
579,286902.5,932444.8125
580,465485.0,3017291.0
581,454980.0,3200286.5
582,542182.5,4300363.0
583,621102.5,6586619.5
584,411997.5,2166185.0
585,417342.5,1980213.625
586,325547.5,1651143.625
587,558097.5,4744882.0
588,423022.5,2828329.0
589,579930.0,5066016.5
590,514105.0,3694507.25
591,513495.0,3180318.25
592,342360.0,1691953.5
593,436642.5,2610540.75
594,388950.0,2466160.75
595,310897.5,1441448.875
596,612700.0,6039840.0
597,384747.5,2085680.5
598,449065.0,2703865.0
599,452120.0,3451896.75
600,472950.0,2749879.0
601,586947.5,5529446.5
602,588212.5,5126333.5
603,449805.0,2851068.25
604,383692.5,1855229.375
605,499322.5,3523059.0
606,430477.5,2422238.25
607,524197.5,3015976.0
608,419007.5,2334618.75
609,497122.5,3399750.5
610,561520.0,4834551.5
611,556760.0,4790660.5
612,667097.5,6799291.5
613,522462.5,3084450.0
614,297715.0,1188273.75
615,470972.5,2848306.0
616,554537.5,3036741.75
617,576922.5,6066160.0
618,329002.5,1482382.25
619,322767.5,1396684.5
620,538840.0,4793565.5
621,364800.0,1633851.0
622,597477.5,4972822.0
623,419837.5,2206269.25
624,317320.0,1146643.125
625,768270.0,8881400.0
626,372180.0,2268628.5
627,391390.0,1986999.75
628,484757.5,3898640.75
629,413625.0,2803751.75
630,654930.0,7360143.0
631,674615.0,7578971.5
632,479682.5,3435341.25
633,484180.0,2640844.25
634,389312.5,2232662.0
635,555680.0,4153715.5
636,571640.0,4369633.0
637,513825.0,3683383.5
638,533420.0,3744720.25
639,653740.0,5637884.0
640,781847.5,8102187.5
641,574057.5,3995943.5
642,631250.0,6224776.0
643,745072.5,7777343.0
644,589357.5,4838430.5
645,566082.5,5029939.5
646,579315.0,5225502.0
647,598325.0,5845453.0
648,483667.5,3600238.25
649,605570.0,4818337.0
650,540710.0,4126836.25
651,685012.5,5769708.0
652,627372.5,4616660.0
653,456267.5,2867436.5
654,641705.0,5884985.5
655,608665.0,5028172.5
656,504457.5,3703115.5
657,580600.0,4565774.5
658,671967.5,6422269.5
659,599920.0,4771239.0
660,394610.0,1921835.25
661,446160.0,2668179.0
662,495165.0,3536413.75
663,581702.5,5508504.5
664,429240.0,2862568.0
665,620077.5,4888852.0
666,753382.5,8418952.0
667,605650.0,4776288.5
668,544425.0,4760285.0
669,527485.0,3845923.25
670,510167.5,3529121.5
671,454587.5,2659809.0
672,681995.0,5640801.5
673,804805.0,10113967.0
674,539507.5,3942767.5
675,550025.0,5327881.0
676,733915.0,7061924.0
677,616980.0,5075406.5
678,674167.5,6152818.5
679,729192.5,7569629.5
680,616725.0,5300599.0
681,487192.5,3772510.5
682,580975.0,4824541.5
683,701780.0,6374848.0
684,724782.5,7628558.5
685,808330.0,10611757.0
686,664467.5,5886730.5
687,492087.5,3221179.25
688,507745.0,3660395.75
689,700900.0,8391691.0
690,720415.0,7807174.5
691,654872.5,5682143.0
692,827342.5,10016245.0
693,515762.5,3500005.0
694,479342.5,3074227.25
695,589520.0,4672230.0
696,827297.5,9788177.0
697,924725.0,12696589.0
698,559190.0,4112788.5
699,617825.0,5803700.5
700,911175.0,11592470.0
701,365777.5,1740811.875
702,495002.5,3459544.75
703,433640.0,2557099.75
704,354010.0,1214353.875
705,564850.0,5198406.5
706,484385.0,2789115.75
707,284045.0,1187779.0
708,414897.5,2906150.75
709,412472.5,2476907.75
710,696912.5,6964568.5
711,480055.0,3486303.0
712,790152.5,9439976.0
713,417102.5,2023595.375
714,435747.5,2698096.0
715,540130.0,3751779.75
716,560430.0,4182772.5
717,526312.5,3796543.5
718,540935.0,4515574.0
719,463077.5,3581244.75
720,742610.0,9498058.0
721,566252.5,5084822.5
722,438802.5,2458823.5
723,909980.0,12442921.0
724,580625.0,3934800.25
725,594617.5,4014109.75
726,525170.0,3738787.25
727,607115.0,5689165.0
728,492105.0,3654320.0
729,352592.5,1852688.375
730,442345.0,2867382.0
731,524510.0,3596475.5
732,552750.0,4262079.5
733,557422.5,4269885.0
734,484815.0,2709181.5
735,506037.5,3440131.5
736,391440.0,1623213.0
737,448780.0,3399208.75
738,498582.5,3285568.75
739,443597.5,2617298.5
740,586547.5,5100824.5
741,386990.0,1780629.75
742,541377.5,3986049.5
743,562485.0,4654379.5
744,404227.5,2070710.125
745,426475.0,2247595.5
746,680372.5,7327371.5
747,526692.5,4037148.25
748,497282.5,3542323.25
749,677910.0,5953386.0
750,569815.0,4069327.0
751,573370.0,5697814.0
752,421580.0,2615318.75
753,631715.0,6703629.0
754,347992.5,1890051.875
755,538822.5,3513622.5
756,601590.0,5181447.0
757,541387.5,4104281.0
758,632650.0,6985929.5
759,624540.0,5018124.0
760,666362.5,5878207.0
761,680485.0,5901170.0
762,581435.0,4428335.5
763,571562.5,4921089.0
764,547087.5,4360449.5
765,505495.0,3591847.25
766,345265.0,1572835.375
767,495137.5,3316392.0
768,705095.0,6968980.0
769,703562.5,7015716.0
770,583465.0,5058454.5
771,632682.5,6442123.5
772,785602.5,10687134.0
773,518017.5,3441158.0
774,892590.0,13349551.0
775,805177.5,9939129.0
776,672095.0,6036556.0
777,872647.5,13011991.0
778,703017.5,7507632.0
779,521965.0,3729525.75
780,685922.5,6578441.5
781,631202.5,5012707.0
782,623522.5,5341716.0
783,683090.0,7683922.5
784,556595.0,4630763.0
785,600920.0,5552669.0
786,599335.0,5577632.0
787,707052.5,8733066.0
788,658612.5,6863403.0
789,891787.5,11351494.0
790,519092.5,4020550.5
791,974190.0,14006630.0
792,534057.5,3745583.75
793,489695.0,2811983.25
794,560582.5,4470142.0
795,503690.0,4451432.5
796,542667.5,4173211.5
797,694765.0,7302083.5
798,427112.5,3285296.75
799,699132.5,6808066.5
800,448002.5,2696180.0
801,453300.0,3059078.25
802,1030140.0,15822229.0
803,801987.5,9639985.0
804,726895.0,7134797.0
805,576557.5,5380649.5
806,642595.0,6312733.5
807,515197.5,4458609.5
808,699705.0,8307818.0
809,562910.0,4039512.25
810,433667.5,2337929.5
811,764600.0,10036609.0
812,504865.0,2868040.0
813,727717.5,9570899.0
814,483170.0,3317964.0
815,375037.5,2409197.0
816,814997.5,10331981.0
817,896832.5,12432333.0
818,826080.0,10920833.0
819,844810.0,10605990.0
820,563572.5,5080349.5
821,960190.0,15086089.0
822,714967.5,9541881.0
823,740682.5,9017202.0
824,871782.5,10606618.0
825,755972.5,9530775.0
826,1002295.0,17844954.0
827,1002072.5,17939702.0
828,841985.0,11578061.0
829,817337.5,10172074.0
830,819870.0,11038426.0
831,1201560.0,23002778.0
832,1090150.0,19906488.0
833,1070632.5,18329400.0
834,1098942.5,19514476.0
835,820075.0,11845966.0
836,1091892.5,19267970.0
837,973077.5,13777329.0
838,834650.0,10412568.0
839,863987.5,11379773.0
840,832630.0,9857926.0
841,1059135.0,18129710.0
842,1092302.5,19392262.0
843,969652.5,13848581.0
844,992857.5,15799406.0
845,937232.5,12920308.0
846,852302.5,12229107.0
847,972955.0,16970218.0
848,1038992.5,16808528.0
849,532740.0,4875008.0
850,854382.5,10307990.0
851,756920.0,8470276.0
852,867802.5,13546964.0
853,1007320.0,16770998.0
854,917285.0,12739608.0
855,850032.5,10895154.0
856,858502.5,11029905.0
857,973575.0,14815608.0
858,738500.0,9027328.0
859,1045020.0,16892802.0
860,979440.0,17008796.0
861,1066005.0,16410499.0
862,1019030.0,16196607.0
863,899872.5,12237065.0
864,919837.5,13156745.0
865,939492.5,12323325.0
866,1035845.0,16083918.0
867,845890.0,10272574.0
868,822110.0,11829998.0
869,1053230.0,18629822.0
870,879950.0,13327898.0
871,865832.5,12831357.0
872,977982.5,13503808.0
873,937815.0,13907222.0
874,911457.5,14006616.0
875,989252.5,14863037.0
876,995615.0,16474767.0
877,790355.0,10454996.0
878,821085.0,9805986.0
879,683962.5,7181050.5
880,923187.5,12649866.0
881,941387.5,14938516.0
882,736552.5,9391470.0
883,910575.0,13607373.0
884,786360.0,9229084.0
885,973962.5,15797687.0
886,1058295.0,17088966.0
887,986182.5,15570428.0
888,924310.0,13045036.0
889,689045.0,7248435.0
890,1009092.5,14941112.0
891,842852.5,10623782.0
892,906785.0,13185441.0
893,919432.5,12946065.0
894,933720.0,13327562.0
895,693840.0,9048723.0
896,1085402.5,20629908.0
897,810002.5,10816452.0
898,923702.5,12559803.0
899,1040777.5,17001460.0
900,928022.5,14374787.0
901,992747.5,16019096.0
902,885335.0,11484077.0
903,773422.5,8415365.0
904,825867.5,10849417.0
905,1058435.0,16481107.0
906,893522.5,12446661.0
907,963987.5,12559675.0
908,755585.0,8913004.0
909,1092797.5,20357140.0
910,909507.5,13261585.0
911,1035412.5,17748506.0
912,793460.0,8788152.0
913,925170.0,12861971.0
914,867850.0,12793812.0
915,725227.5,7767222.5
916,783712.5,9680714.0
917,866477.5,12978424.0
918,871905.0,12599826.0
919,612152.5,5736937.5
920,750792.5,8558099.0
921,884625.0,13030135.0
922,942375.0,14534125.0
923,550767.5,4270525.0
924,606052.5,5699277.5
925,552000.0,4145230.75
926,625140.0,6075727.5
927,807172.5,10859859.0
928,810192.5,9613670.0
929,662420.0,7049429.0
930,869007.5,12130828.0
931,623592.5,6006334.5
932,758782.5,9646486.0
933,764445.0,9716948.0
934,775145.0,9588702.0
935,679267.5,6266203.0
936,840367.5,11183197.0
937,629005.0,6191438.5
938,1042730.0,17434088.0
939,804197.5,9661716.0
940,509092.5,3710477.0
941,616020.0,5575146.0
942,648050.0,6177244.0
943,618997.5,5471713.0
944,837827.5,11066501.0
945,775505.0,9054093.0
946,662020.0,7701570.5
947,517377.5,4041288.75
948,536370.0,4146678.5
949,492645.0,3409465.75
950,449570.0,3305836.5
951,522162.5,3886783.25
952,642715.0,5421460.0
953,493480.0,2871876.0
954,691877.5,6493118.5
955,763590.0,8309976.5
956,650467.5,6112382.0
957,428047.5,2193272.0
958,570900.0,5590002.5
959,755310.0,8419511.0
960,664747.5,7310768.5
961,714577.5,7734010.5
962,889367.5,11608582.0
963,748285.0,8629812.0
964,730645.0,8923288.0
965,436975.0,2760647.75
966,606537.5,5224474.5
967,479002.5,3529746.25
968,681737.5,7500408.0
969,652382.5,6729099.0
970,491925.0,4029959.25
971,423650.0,2892588.25
972,486685.0,3412208.0
973,402090.0,2389673.25
974,617102.5,6140246.5
975,603865.0,5366359.5
976,597450.0,5329459.0
977,671847.5,6659302.5
978,551110.0,4634530.0
979,414152.5,2712989.75
980,412832.5,2360663.0
981,443087.5,2999604.75
982,432650.0,2218303.0
983,549017.5,5055639.5
984,672805.0,7434181.0
985,553505.0,5006065.5
986,630255.0,6031111.0
987,317922.5,1115556.875
988,640892.5,6044413.0
989,507430.0,3557368.75
990,580917.5,4952750.5
991,636112.5,7034697.5
992,405627.5,2578305.75
993,410752.5,2152291.25
994,563115.0,4559149.0
995,759107.5,8646555.0
996,286242.5,1043324.5625
997,381055.0,1703099.375
998,588440.0,3985165.5
999,394080.0,1946828.375
1000,369415.0,1574549.75
1001,492002.5,3515939.5
1002,515442.5,3790294.0
1003,503885.0,3474636.75
1004,404267.5,2152082.25
1005,404997.5,2037825.0
1006,358100.0,1784161.375
1007,295127.5,1158322.625
1008,304037.5,905308.1875
1009,476345.0,2933237.0
1010,422807.5,3067515.5
1011,409720.0,2350024.75
1012,330327.5,1490500.0
1013,490730.0,3389993.25
1014,436487.5,2774146.5
1015,645970.0,6903645.5
1016,581312.5,4893760.0
1017,476202.5,2859945.25
1018,395472.5,2318478.5
1019,321595.0,1196929.25
1020,369665.0,1908153.25
1021,438607.5,1970790.0
1022,387587.5,1967864.75
1023,386947.5,1665063.125
1024,427362.5,2007752.25
1025,728305.0,7579553.5
1026,374577.5,1660160.375
1027,605962.5,4482337.0
1028,706865.0,6730713.0
1029,524110.0,3858086.5
1030,415552.5,2521875.0
1031,604380.0,3765253.25
1032,546190.0,3807075.25
1033,673380.0,5730603.0
1034,489282.5,2988547.75
1035,543420.0,3979095.75
1036,481940.0,3015280.5
1037,464755.0,2989518.5
1038,531245.0,3911684.25
1039,541130.0,4116131.0
1040,400882.5,1909735.625
1041,390200.0,1925136.625
1042,567827.5,5158154.0
1043,487720.0,3324136.5
1044,667587.5,5685945.0
1045,585917.5,4712853.0
1046,471720.0,2031437.0
1047,477387.5,3188892.25
1048,676870.0,6926869.5
1049,345545.0,1197475.0
1050,396832.5,1813781.125
1051,506105.0,3419221.75
1052,487597.5,2887424.0
1053,415355.0,1955968.125
1054,470517.5,3032060.75
1055,510807.5,3569628.75
1056,410920.0,1772855.5
1057,351337.5,1391183.125
1058,323977.5,1245732.5
1059,352765.0,1540159.375
1060,571207.5,4488477.0
1061,419295.0,2771221.75
1062,293505.0,880400.125
1063,361547.5,1176488.125
1064,261190.0,827780.625
1065,508915.0,3763626.5
1066,471335.0,2826658.5
1067,365225.0,1525699.75
1068,279097.5,854343.125
1069,545545.0,3396163.75
1070,388967.5,1763977.0
1071,328255.0,1278707.375
1072,371345.0,1499209.625
1073,437320.0,2259381.25
1074,428725.0,2731753.5
1075,262062.5,810253.6875
1076,726912.5,6570238.0
1077,340020.0,1156615.375
1078,225750.0,603000.6875
1079,403755.0,2337055.5
1080,462145.0,2466942.5
1081,439977.5,2432077.5
1082,279782.5,1003322.625
1083,453482.5,2899423.75
1084,500700.0,3018661.75
1085,442937.5,2492118.25
1086,358952.5,1538972.5
1087,455482.5,2461539.25
1088,389380.0,1587623.625
1089,241462.5,687846.0625
1090,463110.0,3397020.0
1091,661387.5,6036184.5
1092,478950.0,2911822.5
1093,358977.5,1510409.25
1094,409117.5,2128956.75
1095,379417.5,1436327.0
1096,380265.0,2089292.75
1097,375357.5,1710170.375
1098,382847.5,2455645.5
1099,475887.5,2530720.5
1100,371082.5,1554905.0
1101,517552.5,3602034.0
1102,414767.5,1866509.0
1103,590167.5,4690752.0
1104,428117.5,2263725.25
1105,536907.5,3763418.0
1106,547017.5,3981545.25
1107,460165.0,2222606.75
1108,532750.0,3476582.25
1109,765605.0,8464273.0
1110,438420.0,2755082.75
1111,592177.5,4525807.5
1112,698092.5,5567425.5
1113,405742.5,2242247.0
1114,736175.0,8362219.5
1115,482487.5,3049705.5
1116,555480.0,4627943.5
1117,500442.5,3387767.5
1118,551350.0,4058443.0
1119,448857.5,2797584.75
1120,562130.0,4110819.75
1121,558920.0,3703185.0
1122,785472.5,9051645.0
1123,868782.5,10522842.0
1124,698780.0,7002060.5
1125,584130.0,4707324.0
1126,489280.0,3411654.75
1127,732277.5,7373117.0
1128,564995.0,3895480.0
1129,584447.5,4749841.0
1130,681477.5,5878711.0
1131,530837.5,3468864.5
1132,431517.5,2054016.125
1133,601270.0,5067935.0
1134,413122.5,2120497.25
1135,542195.0,3668304.0
1136,544470.0,4427803.0
1137,457627.5,2702499.25
1138,411295.0,2139377.25
1139,523047.5,3664417.25
1140,498880.0,3049296.25
1141,495562.5,3034658.25
1142,345875.0,1231290.5
1143,501220.0,3069891.75
1144,547420.0,3516284.75
1145,408027.5,2042439.75
1146,399882.5,1836416.625
1147,547742.5,4324208.5
1148,393965.0,2012938.375
1149,351552.5,1527699.75
1150,469497.5,2489891.5
1151,439012.5,2122499.25
1152,261857.5,624310.25
1153,486992.5,2555674.25
1154,415927.5,1956259.75
1155,494905.0,2747215.25
1156,374152.5,2039282.625
1157,382285.0,1564500.375
1158,333515.0,1141440.125
1159,267412.5,724644.375
1160,355895.0,1180080.25
1161,304110.0,958951.6875
1162,340075.0,1432833.125
1163,374667.5,1411347.875
1164,385867.5,1645419.875
1165,377647.5,1583222.0
1166,590652.5,5480817.5
1167,213902.5,588773.0
1168,449047.5,2629573.25
1169,503592.5,3488361.25
1170,339422.5,1583761.75
1171,580627.5,5509095.0
1172,367045.0,1657020.75
1173,615260.0,6009498.0
1174,501292.5,3388280.0
1175,258797.5,842035.75
1176,503325.0,3591052.75
1177,574477.5,4640255.0
1178,377405.0,2353714.5
1179,541705.0,4650449.0
1180,378267.5,2037735.875
1181,565685.0,4903585.5
1182,435795.0,2552755.5
1183,566575.0,5126724.5
1184,425625.0,2564121.25
1185,515185.0,3580520.25
1186,439860.0,2176820.0
1187,468540.0,2989982.25
1188,492275.0,4352474.0
1189,703905.0,7045262.0
1190,616607.5,5239952.5
1191,379950.0,2301571.25
1192,319985.0,1414584.125
1193,385177.5,2222664.25
1194,365025.0,1813253.75
1195,444677.5,3149647.0
1196,579422.5,4747401.0
1197,417292.5,2221870.75
1198,650997.5,6549284.5
1199,291175.0,1009132.875
1200,641720.0,6484895.5
1201,587880.0,4957532.0
1202,542955.0,4495343.0
1203,456980.0,3228188.75
1204,465902.5,3140596.25
1205,401940.0,2497743.25
1206,397855.0,2589573.25
1207,483815.0,3598746.0
1208,443285.0,2736389.5
1209,486872.5,3396635.75
1210,505825.0,4332992.0
1211,681420.0,7659284.5
1212,310925.0,1436657.125
1213,469090.0,2856059.75
1214,574095.0,6008457.0
1215,313860.0,1115607.0
1216,477665.0,3294228.75
1217,550987.5,4821091.5
1218,801020.0,10928869.0
1219,494087.5,3751187.5
1220,596397.5,6017898.0
1221,564405.0,5308627.0
1222,784537.5,9675650.0
1223,341032.5,1804595.625
1224,331927.5,1547964.125
1225,562147.5,4832833.5
1226,542432.5,4633938.0
1227,567475.0,5216208.0
1228,406825.0,2457664.0
1229,338600.0,1874871.5
1230,471395.0,2537875.5
1231,313835.0,1254067.25
1232,511085.0,4252936.0
1233,545487.5,4654013.5
1234,367260.0,2079928.125
1235,500107.5,4481744.5
1236,383005.0,2268731.25
1237,339360.0,1786024.5
1238,427847.5,3068004.5
1239,443912.5,3272415.75
1240,439220.0,2850801.0
1241,629140.0,6099255.5
1242,406532.5,2218382.75
1243,504080.0,4024596.5
1244,440557.5,2910838.75
1245,483187.5,3759881.0
1246,428155.0,2774989.25
1247,403425.0,2063983.875
1248,437515.0,2883810.75
1249,466155.0,2880495.5
1250,484020.0,3362076.75
1251,465687.5,3370602.25
1252,414445.0,1939221.375
1253,336010.0,1618604.75
1254,353375.0,1476937.875
1255,354950.0,1663344.875
1256,517505.0,3511128.0
1257,462885.0,3237342.75
1258,510240.0,3985282.5
1259,410587.5,2556634.0
1260,365910.0,1995119.75
1261,534602.5,3866980.5
1262,485002.5,3236370.25
1263,412192.5,2109339.5
1264,737127.5,8593989.0
1265,635587.5,6876225.5
1266,665027.5,7514667.0
1267,455545.0,2829768.25
1268,345060.0,1486274.875
1269,647585.0,7266660.5
1270,603430.0,5355214.0
1271,529177.5,4413497.5
1272,590802.5,4288449.0
1273,415367.5,2577893.5
1274,481280.0,3518748.5
1275,705960.0,8077633.5
1276,695430.0,8607027.0
1277,512197.5,3782104.5
1278,697250.0,6429469.5
1279,720672.5,8871121.0
1280,927770.0,13601697.0
1281,668560.0,7278508.0
1282,842490.0,11987983.0
1283,686175.0,6392646.5
1284,667510.0,5944509.0
1285,608722.5,5818475.0
1286,708500.0,8087341.0
1287,470365.0,3008863.5
1288,486082.5,2592581.5
1289,630895.0,5414892.0
1290,888520.0,13062573.0
1291,446502.5,3294679.75
1292,789732.5,10391625.0
1293,698042.5,8282729.0
1294,750052.5,8917632.0
1295,640727.5,5910845.0
1296,831117.5,11002243.0
1297,588015.0,3834774.25
1298,622907.5,5594277.0
1299,616907.5,5587811.0
1300,848870.0,11539538.0
1301,797960.0,9845372.0
1302,951895.0,13771603.0
1303,788580.0,10385582.0
1304,671945.0,6529223.0
1305,679952.5,7605806.5
1306,856770.0,13024339.0
1307,891045.0,13501709.0
1308,561720.0,4883533.0
1309,460510.0,2516316.75
1310,688715.0,7777931.5
1311,547040.0,4006708.25
1312,803615.0,10173597.0
1313,624010.0,4946839.5
1314,607292.5,5622192.5
1315,456610.0,2558133.75
1316,662032.5,6288681.5
1317,588372.5,5412692.5
1318,440880.0,2728661.75
1319,510085.0,3510772.0
1320,621737.5,6100648.5
1321,496767.5,4064625.75
1322,446207.5,2555600.5
1323,437902.5,3071486.5
1324,619800.0,6214150.0
1325,608347.5,5351631.0
1326,583335.0,4884260.0
1327,430482.5,2881014.75
1328,489972.5,2691329.75
1329,490167.5,3641980.5
1330,593150.0,5108810.5
1331,467322.5,2739252.0
1332,299127.5,1052973.875
1333,538625.0,4347365.5
1334,563562.5,4994329.0
1335,711437.5,6702685.5
1336,294750.0,1024873.875
1337,428197.5,2460193.5
1338,603432.5,5365697.0
1339,408872.5,2642486.5
1340,485762.5,3245766.5
1341,361487.5,1597341.25
1342,314525.0,1382165.125
1343,684202.5,7814195.0
1344,248010.0,781799.75
1345,411320.0,2655693.75
1346,537057.5,3526492.25
1347,336830.0,1522066.875
1348,304737.5,989778.1875
1349,260845.0,808123.5625
1350,516285.0,3190533.25
1351,410387.5,2409214.25
1352,530462.5,4003294.25
1353,558287.5,5469517.0
1354,490367.5,3137489.25
1355,414485.0,2281478.5
1356,391675.0,1854303.25
1357,491110.0,3900817.25
1358,447850.0,2922656.75
1359,332847.5,1408396.625
1360,325955.0,1627992.5
1361,491560.0,3229227.5
1362,514477.5,4180290.5
1363,334802.5,1645588.0
1364,348357.5,1615770.875
1365,590362.5,5060080.0
1366,321362.5,1365579.875
1367,388145.0,2364693.25
1368,582750.0,5484555.5
1369,357440.0,1690824.375
1370,509832.5,3492937.75
1371,428705.0,2575905.25
1372,457217.5,3081322.75
1373,382670.0,1769640.5
1374,539842.5,4599209.5
1375,390505.0,2252195.25
1376,348062.5,1477816.75
1377,417125.0,2048794.5
1378,394910.0,1978112.0
1379,365687.5,1670950.125
1380,329787.5,1394492.75
1381,368177.5,1565753.125
1382,487062.5,3396145.0
1383,294657.5,848354.5
1384,329107.5,1228164.125
1385,510012.5,4150622.0
1386,367207.5,1860365.25
1387,332302.5,1660193.625
1388,290032.5,889171.625
1389,261277.5,808973.6875
1390,385345.0,2183751.0
1391,377367.5,2110605.75
1392,347217.5,1675688.625
1393,277027.5,932596.0
1394,319940.0,1378353.25
1395,513075.0,3870831.5
1396,292957.5,1003568.125
1397,274345.0,1015105.6875
1398,394840.0,2281039.0
1399,545807.5,4623465.5
1400,418932.5,2563277.25
1401,470350.0,3400237.25
1402,402572.5,1932290.125
1403,458197.5,2993830.0
1404,539345.0,4158164.75
1405,365162.5,2006263.875
1406,446877.5,3190293.25
1407,319447.5,965089.5
1408,498442.5,3655417.25
1409,457720.0,3115361.5
1410,452557.5,3310808.0
1411,483022.5,3162703.75
1412,428045.0,2046216.75
1413,494502.5,3725061.0
1414,198402.5,455623.65625
1415,352995.0,1680128.75
1416,412837.5,2361763.25
1417,286162.5,1328416.75
1418,389092.5,1899745.875
1419,314967.5,1354770.25
1420,353192.5,1707724.5
1421,441380.0,2207276.0
1422,598237.5,5927410.5
1423,404142.5,2390337.0
1424,398555.0,2308460.0
1425,330775.0,1428025.625
1426,755222.5,10092511.0
1427,778000.0,9682737.0
1428,402622.5,2617401.75
1429,347530.0,1864480.5
1430,515107.5,3752985.25
1431,378460.0,2258603.75
1432,452232.5,2935304.5
1433,365717.5,1813005.5
1434,292395.0,1100210.125
1435,521340.0,4114606.75
1436,643010.0,6862252.0
1437,312280.0,1410548.5
1438,419857.5,2460795.0
1439,551525.0,5468131.0
1440,509195.0,4226175.0
1441,699377.5,7673348.0
1442,426150.0,2541961.5
1443,643660.0,6724701.5
1444,594380.0,5326522.0
1445,598792.5,5758459.0
1446,531977.5,4134586.5
1447,511770.0,3802848.5
1448,744070.0,8388077.5
1449,658557.5,6608024.5
1450,652602.5,7559740.0
1451,529967.5,4425911.0
1452,562300.0,4984119.5
1453,980605.0,16773196.0
1454,707817.5,7977118.0
1455,838512.5,10732593.0
1456,817392.5,10631739.0
1457,678780.0,7242526.0
1458,893187.5,12979843.0
1459,803632.5,10730293.0
1460,697455.0,7674901.0
1461,736145.0,8612524.0
1462,839117.5,11371008.0
1463,591475.0,5523146.0
1464,818135.0,11050175.0
1465,1062620.0,19823724.0
1466,769600.0,8972451.0
1467,488477.5,3547229.25
1468,721022.5,8343760.0
1469,801102.5,9625596.0
1470,1033897.5,17904136.0
1471,800017.5,10565242.0
1472,838805.0,10773261.0
1473,904135.0,11620051.0
1474,777750.0,9335151.0
1475,793845.0,9637688.0
1476,670667.5,6473309.5
1477,768315.0,8687726.0
1478,649875.0,6971814.5
1479,622622.5,6684802.5
1480,702787.5,7904935.5
1481,671510.0,7258345.0
1482,671345.0,7604616.5
1483,689255.0,7335779.0
1484,601850.0,6152156.5
1485,520000.0,4157007.75
1486,822532.5,10324770.0
1487,642452.5,6638157.0
1488,563220.0,4764690.0
1489,709125.0,7510602.0
1490,582382.5,5303876.5
1491,616360.0,6549236.5
1492,655295.0,6424005.0
1493,565717.5,5545920.0
1494,651442.5,6214094.0
1495,739830.0,9044058.0
1496,555880.0,4887636.0
1497,640792.5,6073565.0
1498,623887.5,6006742.5
1499,630427.5,6049049.0
1500,763525.0,8697221.0
1501,671797.5,7340375.0
1502,543975.0,4651296.0
1503,710380.0,8243862.5
1504,610135.0,5904463.5
1505,704465.0,7333632.5
1506,546377.5,4592321.5
1507,772097.5,9841443.0
1508,722760.0,8805692.0
1509,589935.0,5486046.5
1510,551857.5,4965882.0
1511,577725.0,5769188.5
1512,622347.5,5457597.0
1513,716120.0,7813186.0
1514,547630.0,4810765.0
1515,712885.0,7758215.0
1516,765252.5,8845537.0
1517,579460.0,4614902.5
1518,587300.0,5350525.5
1519,740727.5,8938412.0
1520,628495.0,5554963.0
1521,645560.0,6136185.0
1522,638420.0,6508557.0
1523,407987.5,2615877.75
1524,612830.0,5211094.5
1525,371990.0,1762863.875
1526,398870.0,2129825.0
1527,692660.0,8066320.5
1528,538367.5,4614476.5
1529,632627.5,6297420.5
1530,638410.0,6659593.0
1531,442137.5,2474010.75
1532,469795.0,3335579.75
1533,638007.5,6166040.5
1534,436685.0,2902596.75
1535,391565.0,2248251.0
1536,436740.0,3003766.25
1537,406845.0,2457801.0
1538,593270.0,5255061.5
1539,593990.0,5662539.5
1540,513072.5,4100650.5
1541,610710.0,5613744.0
1542,660390.0,6642049.5
1543,767725.0,8465226.0
1544,279802.5,896975.75
1545,743277.5,7324719.5
1546,620130.0,5825472.0
1547,653015.0,6924428.0
1548,601242.5,5464029.0
1549,749932.5,9301565.0
1550,620855.0,5582731.0
1551,777422.5,9256568.0
1552,565127.5,4176001.25
1553,603240.0,6164953.5
1554,491965.0,3818755.5
1555,678172.5,7262293.0
1556,703517.5,7865445.5
1557,616212.5,6318455.0
1558,666267.5,6824518.0
1559,627142.5,6524006.5
1560,636015.0,5731584.5
1561,534562.5,4293953.5
1562,576865.0,5025097.5
1563,822167.5,9547934.0
1564,773957.5,9223808.0
1565,646577.5,6435732.0
1566,781410.0,8947634.0
1567,529807.5,4257828.0
1568,699862.5,6903963.5
1569,819285.0,10921201.0
1570,918952.5,14674756.0
1571,598227.5,5504609.5
1572,798230.0,9758308.0
1573,484797.5,3691546.0
1574,506230.0,4106109.0
1575,896790.0,13413632.0
1576,745080.0,8331136.0
1577,643340.0,6790632.5
1578,548007.5,4542142.0
1579,512025.0,4151072.5
1580,651672.5,6259715.0
1581,683985.0,7540801.5
1582,538672.5,4192025.0
1583,587250.0,5718147.0
1584,656525.0,7484354.0
1585,796415.0,11120109.0
1586,700775.0,8449841.0
1587,751150.0,8073941.0
1588,540312.5,4471322.0
1589,544230.0,4389660.0
1590,837480.0,11447949.0
1591,559762.5,4255553.5
1592,719722.5,8411705.0
1593,562775.0,5100828.5
1594,904580.0,13564852.0
1595,485612.5,3659367.25
1596,559807.5,5362027.5
1597,576960.0,5380161.5
1598,770417.5,9045484.0
1599,753567.5,8363788.0
1600,559170.0,4652014.5
1601,517685.0,4268832.0
1602,519390.0,4232033.5
1603,641330.0,6015157.0
1604,525997.5,4299998.0
1605,398142.5,1948767.75
1606,471122.5,3412292.75
1607,228912.5,587863.0
1608,445240.0,2941895.25
1609,262427.5,840647.75
1610,528562.5,3735062.5
1611,332780.0,1381829.625
1612,389547.5,2446553.5
1613,487850.0,3981020.5
1614,302500.0,1249755.75
1615,444740.0,3006562.0
1616,464382.5,2948498.5
1617,316982.5,1448692.5
1618,619137.5,6041227.5
1619,396372.5,2087638.0
1620,412912.5,2224667.0
1621,372517.5,2084075.25
1622,322627.5,1559885.875
1623,381322.5,1913028.75
1624,318687.5,1314685.375
1625,466450.0,2950329.5
1626,331187.5,1244619.0
1627,494477.5,3449667.5
1628,300245.0,1070093.625
1629,635080.0,5519868.0
1630,427582.5,2619259.75
1631,541360.0,4836212.5
1632,270952.5,947580.75
1633,691605.0,5552473.5
1634,440150.0,2308469.5
1635,649485.0,4937674.0
1636,383817.5,1642695.125
1637,371687.5,1822504.0
1638,381037.5,1875962.375
1639,377050.0,1658436.5
1640,582040.0,4904689.0
1641,518145.0,4003466.0
1642,602987.5,4260176.0
1643,631242.5,6137844.0
1644,386117.5,1950715.75
1645,478257.5,3016431.0
1646,484360.0,3245138.5
1647,475027.5,3082084.5
1648,443357.5,3150791.25
1649,415735.0,2394912.25
1650,288230.0,1027689.5
1651,411627.5,2238444.0
1652,252612.5,780254.25
1653,358582.5,1262470.125
1654,457792.5,2858514.25
1655,289445.0,1249890.0
1656,221710.0,579280.3125
1657,392745.0,2138674.5
1658,406015.0,2210800.0
1659,436785.0,2308918.75
1660,206732.5,450312.96875
1661,342720.0,1432832.875
1662,213092.5,448565.40625
1663,346787.5,1397752.375
1664,406225.0,2235898.0
1665,346167.5,1835606.75
1666,277542.5,1013391.125
1667,421187.5,2839127.75
1668,446252.5,2513781.5
1669,218027.5,578301.125
1670,332952.5,1404747.75
1671,332372.5,1147866.375
1672,435977.5,2487102.5
1673,518455.0,3766762.5
1674,267800.0,794633.4375
1675,362180.0,1683329.0
1676,337642.5,1009289.375
1677,529360.0,4020883.25
1678,321572.5,1091767.125
1679,318292.5,1517825.75
1680,318995.0,986583.75
1681,325005.0,1395036.125
1682,304335.0,1027994.5625
1683,482205.0,3200541.25
1684,280947.5,870005.875
1685,507937.5,3077032.25
1686,407665.0,2093708.125
1687,451245.0,2778029.25
1688,204745.0,429512.59375
1689,552715.0,4707509.0
1690,420080.0,2713949.0
1691,300772.5,1011321.875
1692,351352.5,1525450.75
1693,377842.5,2281246.25
1694,169875.0,304771.8125
1695,224670.0,556121.6875
1696,270467.5,904802.0625
1697,230032.5,578658.1875
1698,456442.5,2937650.25
1699,306880.0,1057743.875
1700,276077.5,996240.5
1701,384080.0,2056807.375
1702,437570.0,2729874.0
1703,581087.5,5086604.0
1704,353040.0,1884800.0
1705,472387.5,2955883.0
1706,401362.5,2121792.0
1707,348555.0,1523523.375
1708,421490.0,2602231.0
1709,382872.5,1873263.625
1710,338142.5,1648895.25
1711,407395.0,2344752.75
1712,430170.0,2627415.0
1713,286847.5,1002167.6875
1714,504665.0,3905213.5
1715,368130.0,1901579.0
1716,334297.5,1155213.5
1717,233580.0,672404.1875
1718,280357.5,887294.375
1719,399735.0,2506364.0
1720,317172.5,1241198.375
1721,427370.0,2251578.0
1722,449492.5,2472498.0
1723,258982.5,698711.5625
1724,274340.0,907202.25
1725,319267.5,1334404.25
1726,370035.0,1801097.75
1727,368972.5,1861494.5
1728,340045.0,1284277.375
1729,245597.5,572329.8125
1730,304655.0,1267103.625
1731,559275.0,5112907.5
1732,467272.5,3026669.75
1733,267445.0,975764.8125
1734,258922.5,851920.5
1735,469687.5,2977020.25
1736,233092.5,583038.4375
1737,401955.0,2418805.0
1738,408540.0,2154522.0
1739,604375.0,5408900.0
1740,331742.5,1214299.625
1741,477517.5,3308880.75
1742,385955.0,1737879.875
1743,459622.5,3048001.0
1744,385350.0,1571963.875
1745,366532.5,1356701.125
1746,450687.5,3280242.5
1747,262375.0,826164.25
1748,555285.0,4339281.5
1749,329892.5,1121218.625
1750,343022.5,1607498.875
1751,300520.0,1254288.875
1752,670890.0,6985906.0
1753,703530.0,7050113.5
1754,381802.5,2001172.125
1755,296245.0,944784.875
1756,363997.5,1995004.875
1757,450310.0,2744135.0
1758,367135.0,1599997.5
1759,459057.5,3292788.25
1760,468207.5,3596905.0
1761,697260.0,7411051.0
1762,399037.5,1816828.0
1763,614997.5,5166161.0
1764,365770.0,1999913.5
1765,327150.0,1091942.625
1766,727275.0,8633597.0
1767,441840.0,3128692.5
1768,320385.0,1405645.75
1769,582000.0,5138839.0
1770,623662.5,6359042.5
1771,734217.5,8289505.5
1772,509417.5,4079257.0
1773,375890.0,2171037.75
1774,588882.5,4400003.0
1775,474575.0,2975948.25
1776,681567.5,7426066.0
1777,648267.5,6181512.5
1778,514722.5,3579548.5
1779,608312.5,5530559.5
1780,484867.5,3673878.75
1781,442027.5,3571127.0
1782,411392.5,2793451.75
1783,573010.0,5147993.5
1784,673650.0,6664239.5
1785,622205.0,5745097.5
1786,597225.0,4920787.5
1787,736687.5,7651915.5
1788,677432.5,7153065.0
1789,549687.5,4945363.5
1790,545697.5,4600860.5
1791,492345.0,3871162.5
1792,588192.5,5458498.0
1793,829577.5,10647032.0
1794,438060.0,2927898.25
1795,565230.0,5281180.5
1796,609602.5,5919638.0
1797,751825.0,9498682.0
1798,539227.5,4462268.5
1799,759665.0,8862395.0
1800,540945.0,4477844.5
1801,634337.5,6103876.0
1802,537607.5,3718000.5
1803,853887.5,12417804.0
1804,369275.0,1806639.75
1805,840565.0,12173696.0
1806,517142.5,3767341.25
1807,779910.0,8965745.0
1808,730930.0,7646772.0
1809,272640.0,931018.6875
1810,658612.5,6178750.0
1811,511837.5,4114599.0
1812,704990.0,6820470.5
1813,708825.0,7178905.0
1814,562527.5,4880118.0
1815,721110.0,7441014.5
1816,646175.0,5250645.0
1817,619632.5,5747680.5
1818,509340.0,4022249.25
1819,421312.5,2910811.0
1820,742807.5,9222061.0
1821,750065.0,7676717.0
1822,368247.5,1809468.125
1823,478205.0,3730180.25
1824,392482.5,1800731.875
1825,449782.5,2619688.25
1826,519330.0,3903794.25
1827,387522.5,2066542.5
1828,478852.5,3991129.0
1829,304215.0,1210554.625
1830,393485.0,2007536.25
1831,581947.5,5385800.5
1832,554442.5,4317163.0
1833,565912.5,5126193.5
1834,250652.5,713153.4375
1835,427335.0,1846819.875
1836,486775.0,3096885.0
1837,379840.0,2105191.75
1838,495820.0,3761572.0
1839,431530.0,2398054.0
1840,272435.0,876157.625
1841,456710.0,2958522.5
1842,339692.5,1474941.25
1843,517140.0,3519188.5
1844,593050.0,5396264.5
1845,376647.5,2051704.375
1846,339522.5,1477156.875
1847,290837.5,1031240.6875
1848,339532.5,1590218.375
1849,374622.5,1929797.375
1850,338022.5,1556013.75
1851,436812.5,2957221.25
1852,482097.5,3202788.25
1853,489585.0,3501739.5
1854,328852.5,1432547.25
1855,376952.5,1858906.25
1856,313845.0,1373428.0
1857,289530.0,1227214.125
1858,429907.5,2683309.0
1859,224320.0,574713.1875
1860,479812.5,3136728.5
1861,346622.5,1743018.375
1862,388172.5,2188595.25
1863,211152.5,475915.3125
1864,285942.5,969891.125
1865,422420.0,2693936.75
1866,289917.5,1095133.625
1867,179615.0,320140.375
1868,375042.5,1496203.0
1869,252052.5,661162.0
1870,252490.0,734844.875
1871,360217.5,1931721.75
1872,393872.5,2048888.875
1873,259195.0,654878.5
1874,392235.0,1955456.0
1875,208407.5,441781.28125
1876,239622.5,691253.75
1877,197060.0,434576.0
1878,328457.5,1460956.5
1879,322125.0,1389361.25
1880,222292.5,439200.53125
1881,321480.0,1317269.125
1882,322455.0,1200194.625
1883,332882.5,1623350.0
1884,241177.5,492377.25
1885,319652.5,1447418.375
1886,216815.0,484592.3125
1887,307792.5,1208499.875
1888,244857.5,609763.6875
1889,296360.0,941735.5
1890,321570.0,1324022.5
1891,625240.0,6198509.0
1892,269877.5,830030.375
1893,264597.5,745780.875
1894,471417.5,2944862.25
1895,479170.0,3173849.25
1896,244237.5,737864.9375
1897,319510.0,1178495.25
1898,447815.0,2861525.5
1899,347570.0,1384689.5
1900,269232.5,787779.0625
1901,303517.5,811872.4375
1902,295457.5,1065430.125
1903,419247.5,2546130.25
1904,307045.0,1292162.875
1905,351845.0,1549172.75
1906,301197.5,1009231.4375
1907,418797.5,2260703.5
1908,377302.5,1711240.875
1909,412110.0,2433528.75
1910,419572.5,1861983.375
1911,360745.0,1601174.375
1912,389657.5,1790722.875
1913,377950.0,2260836.0
1914,385257.5,1889169.75
1915,432585.0,2113250.75
1916,417137.5,2625885.75
1917,421130.0,2141866.5
1918,563757.5,4293261.0
1919,289192.5,818957.375
1920,331625.0,1139917.0
1921,424982.5,2279153.75
1922,346350.0,1319183.75
1923,524660.0,3183369.25
1924,546095.0,4009768.75
1925,623295.0,4974472.5
1926,535127.5,3629598.25
1927,393092.5,2198772.25
1928,409205.0,1944165.875
1929,271085.0,723072.0
1930,631727.5,5069031.5
1931,339882.5,1383744.125
1932,264287.5,921495.5
1933,353535.0,1187247.875
1934,479190.0,3492028.5
1935,470302.5,2930399.25
1936,316920.0,1181987.25
1937,401822.5,1648768.0
1938,737925.0,7814220.0
1939,478722.5,3142619.75
1940,403470.0,1773185.75
1941,343002.5,1387325.75
1942,366555.0,1600341.875
1943,364190.0,1176895.125
1944,296110.0,1034183.875
1945,428367.5,2155701.5
1946,651332.5,5587526.5
1947,518400.0,3845686.75
1948,417207.5,1940516.75
1949,401282.5,1758275.625
1950,418505.0,2554431.25
1951,547027.5,3656491.75
1952,692197.5,6538429.5
1953,693282.5,6479103.0
1954,530062.5,3151469.0
1955,572115.0,4917803.5
1956,643855.0,5695229.0
1957,446730.0,2285466.25
1958,503247.5,2815536.75
1959,575085.0,4035939.5
1960,542150.0,3465436.5
1961,452400.0,2398923.75
1962,526015.0,2782546.25
1963,490230.0,2666393.0
1964,487082.5,2893655.25
1965,500380.0,3196198.25
1966,411355.0,1408702.625
1967,397675.0,1686309.5
1968,459985.0,2563016.25
1969,452355.0,2061093.625
1970,430882.5,2430053.5
1971,359645.0,1258502.375
1972,306760.0,1012434.375
1973,302850.0,928201.375
1974,465060.0,2572605.5
1975,406962.5,2053418.25
1976,433557.5,2279833.0
1977,518135.0,3465416.25
1978,584517.5,4461335.0
1979,327085.0,953672.75
1980,418230.0,2141181.0
1981,185870.0,310361.21875
1982,491970.0,2380882.5
1983,283790.0,660601.25
1984,485207.5,2800506.5
1985,335735.0,1303428.125
1986,369560.0,1663059.5
1987,459997.5,2447969.0
1988,385660.0,1837951.375
1989,260142.5,642204.4375
1990,247877.5,767305.8125
1991,213270.0,357558.5625
1992,301880.0,1127477.0
1993,516390.0,3617521.75
1994,275997.5,768392.625
1995,328397.5,1154684.75
1996,622912.5,5838567.5
1997,273990.0,832950.6875
1998,365155.0,1524605.25
1999,276040.0,875292.0
2000,233725.0,570767.6875
2001,325250.0,1021744.8125
2002,435082.5,2566130.5
2003,321597.5,1373941.625
2004,377137.5,1399095.25
2005,308515.0,886280.4375
2006,285760.0,836528.1875
2007,232992.5,648115.6875
2008,272345.0,829053.875
2009,198645.0,340743.375
2010,426847.5,2490802.25
2011,294695.0,1074926.75
2012,364617.5,1357968.25
2013,267155.0,731658.1875
2014,268702.5,580209.625
2015,417827.5,2432479.0
2016,345422.5,1199425.0
2017,383460.0,1495898.5
2018,277192.5,624091.0
2019,288125.0,832727.5625
2020,474370.0,3262753.0
2021,388552.5,2123785.25
2022,330612.5,1363498.375
2023,269720.0,772143.3125
2024,298335.0,653747.8125
2025,211052.5,375933.15625
2026,375585.0,1663648.625
2027,254532.5,613635.4375
2028,292342.5,839557.0625
2029,361730.0,1373090.5
2030,223572.5,632459.6875
2031,233975.0,536096.3125
2032,394132.5,2221874.0
2033,301612.5,883883.375
2034,246455.0,487101.0625
2035,349777.5,1265827.625
2036,236820.0,481422.96875
2037,285430.0,961185.25
2038,405715.0,2129268.25
2039,276150.0,976125.9375
2040,339912.5,1598343.125
2041,298110.0,989454.3125
2042,176682.5,235170.90625
2043,277972.5,815031.75
2044,324060.0,1199909.125
2045,343812.5,1469858.75
2046,382257.5,1393540.0
2047,433650.0,2226278.5
2048,285470.0,714781.3125
2049,282260.0,912928.625
2050,265440.0,846603.5
2051,239145.0,642021.0
2052,266557.5,999008.125
2053,322187.5,1293560.875
2054,320095.0,1175517.0
2055,341280.0,1347692.375
2056,257557.5,603574.6875
2057,256147.5,655898.1875
2058,418817.5,1917503.0
2059,274492.5,972207.75
2060,350885.0,1249666.0
2061,444002.5,2485155.5
2062,245442.5,582279.6875
2063,310137.5,1074990.625
2064,353405.0,1689331.0
2065,518925.0,3299268.5
2066,355970.0,1297674.5
2067,331277.5,1089247.5
2068,447910.0,2670465.5
2069,371865.0,1404624.0
2070,365557.5,1801160.25
2071,304515.0,1196536.0
2072,178890.0,330990.90625
2073,241260.0,572292.9375
2074,230130.0,523093.09375
2075,186922.5,265116.84375
2076,318130.0,1295578.0
2077,287265.0,1100863.0
2078,290752.5,1036881.5
2079,372590.0,1985848.375
2080,383777.5,1997622.25
2081,290267.5,722622.5
2082,337862.5,1533178.125
2083,428567.5,2148162.25
2084,310097.5,871718.625
2085,313322.5,1227323.375
2086,399532.5,1879460.125
2087,302380.0,1177789.75
2088,194070.0,293752.65625
2089,462362.5,2832030.5
2090,514090.0,4288689.5
2091,329550.0,1317957.875
2092,297562.5,1286972.75
2093,377607.5,1661085.125
2094,544412.5,4681042.0
2095,186100.0,365229.84375
2096,246090.0,755353.375
2097,337917.5,1579848.375
2098,437692.5,2175806.0
2099,396775.0,2254854.25
2100,324680.0,1255428.875
2101,238597.5,558790.0625
2102,352082.5,1332475.25
2103,397492.5,1717623.875
2104,422937.5,2594860.0
2105,478375.0,3078755.0
2106,690550.0,6656218.5
2107,443757.5,2648974.25
2108,288007.5,1019177.125
2109,435705.0,2549232.5
2110,358697.5,1652575.25
2111,309860.0,994039.875
2112,320615.0,1233544.375
2113,384742.5,2463515.5
2114,276265.0,972732.5625
2115,440152.5,2586770.0
2116,259772.5,658526.1875
2117,364215.0,1906827.875
2118,376370.0,2024939.5
2119,371317.5,1981009.625
2120,600747.5,4977137.5
2121,331057.5,1566089.25
2122,429520.0,2643626.0
2123,463727.5,2701286.75
2124,395767.5,2388501.5
2125,389490.0,2154906.75
2126,508997.5,3994999.25
2127,244705.0,552831.5625
2128,331597.5,1450040.25
2129,465525.0,3175503.5
2130,327815.0,1327663.625
2131,500830.0,3541945.0
2132,658877.5,6150578.5
2133,567412.5,5044677.5
2134,404562.5,2302634.0
2135,387642.5,1908834.875
2136,690225.0,7206170.5
2137,221742.5,569711.625
2138,361770.0,1774859.25
2139,409207.5,2391450.75
2140,357327.5,1676668.0
2141,500435.0,3389558.75
2142,356657.5,1869071.75
2143,384157.5,2139670.25
2144,339435.0,1508950.5
2145,608325.0,5833282.5
2146,433192.5,2221805.25
2147,337890.0,1611295.625
2148,492157.5,3832844.25
2149,216957.5,560340.0625
2150,293522.5,1081339.5
2151,547055.0,3622106.75
2152,473355.0,3391497.0
2153,249322.5,564388.0
2154,423482.5,2350257.75
2155,544190.0,4992782.0
2156,242612.5,598682.3125
2157,285037.5,1121656.625
2158,457405.0,2971736.25
2159,483152.5,3195068.25
2160,356392.5,1925506.375
2161,261267.5,623661.375
2162,271272.5,769268.0625
2163,237500.0,582310.0
2164,277140.0,795682.125
2165,612617.5,6311328.0
2166,338390.0,1430968.875
2167,242720.0,629816.9375
2168,381937.5,1889942.375
2169,544212.5,3733999.25
2170,438255.0,3214587.75
2171,361572.5,1672852.75
2172,427462.5,2616838.0
2173,369550.0,1959292.875
2174,326797.5,1118123.75
2175,227087.5,429128.125
2176,441907.5,2999451.25
2177,318900.0,1267431.375
2178,299157.5,933726.9375
2179,363995.0,1784645.0
2180,570947.5,4831166.0
2181,556955.0,4591690.0
2182,538402.5,3891475.25
2183,525495.0,4356139.5
2184,425480.0,2226087.75
2185,386682.5,1832519.0
2186,537402.5,4304750.0
2187,368442.5,1801604.375
2188,495085.0,3091379.5
2189,252180.0,778349.125
2190,625592.5,5696717.0
2191,385970.0,1976138.125
2192,379962.5,2154244.5
2193,631685.0,6412699.0
2194,425142.5,2013060.5
2195,634377.5,6466682.0
2196,484422.5,3438364.5
2197,551897.5,4321798.0
2198,449412.5,2557163.5
2199,533427.5,5041960.5
2200,895495.0,12797678.0
2201,464505.0,2982465.5
2202,377822.5,2107498.0
2203,605937.5,5728384.5
2204,738942.5,7638782.5
2205,476197.5,3035772.25
2206,467562.5,3340474.0
2207,740515.0,7175828.5
2208,343525.0,1307618.125
2209,303837.5,1384444.375
2210,827187.5,11135130.0
2211,431247.5,2872180.75
2212,801040.0,9470822.0
2213,566825.0,4773782.5
2214,790147.5,8471798.0
2215,651885.0,7012489.5
2216,615502.5,5842391.0
2217,708290.0,6475481.0
2218,742302.5,8327453.0
2219,474507.5,3184450.0
2220,762852.5,8184762.0
2221,859997.5,12737092.0
2222,409870.0,2121919.25
2223,814765.0,9542414.0
2224,470240.0,3332304.75
2225,647550.0,7047136.5
2226,693257.5,7077615.5
2227,653550.0,6135095.5
2228,620902.5,5566309.0
2229,968105.0,14399960.0
2230,535657.5,4278224.5
2231,961057.5,13407695.0
2232,630712.5,5604677.5
2233,541727.5,4188815.75
2234,673937.5,7003127.5
2235,628482.5,5527375.5
2236,490780.0,3250450.0
2237,448457.5,3013061.0
2238,432225.0,1959377.5
2239,239285.0,715596.6875
2240,453485.0,2823436.25
2241,426560.0,2623716.75
2242,655257.5,5802883.5
2243,659192.5,6419223.0
2244,1022955.0,15438453.0
2245,546557.5,4057931.25
2246,721227.5,8232225.5
2247,391122.5,2129749.0
2248,646300.0,6365394.5
2249,774637.5,9112138.0
2250,580545.0,5652459.0
2251,553375.0,4019581.75
2252,686812.5,7033220.5
2253,377005.0,1864735.875
2254,653475.0,6193919.0
2255,338342.5,1509816.125
2256,369930.0,1943378.625
2257,453745.0,2673361.0
2258,527800.0,4058242.75
2259,314757.5,1268051.625
2260,488042.5,3654163.25
2261,215457.5,473280.34375
2262,421857.5,2374183.75
2263,323612.5,1279607.75
2264,622802.5,6266855.5
2265,612927.5,5591024.0
2266,312095.0,1245052.625
2267,493740.0,3818510.25
2268,202845.0,368771.875
2269,461050.0,2965508.75
2270,448330.0,2978198.75
2271,570010.0,4588809.5
2272,485635.0,3438686.5
2273,465147.5,2931578.25
2274,220210.0,517464.71875
2275,344655.0,1545501.0
2276,598010.0,5346623.0
2277,624940.0,5724845.5
2278,377057.5,1739652.0
2279,742080.0,8738999.0
2280,304035.0,976124.0625
2281,468387.5,2978378.75
2282,718662.5,8173373.5
2283,560595.0,4672377.5
2284,548360.0,3975478.5
2285,657387.5,6531382.0
2286,500092.5,3545638.75
2287,463635.0,3439687.5
2288,246992.5,675377.0625
2289,518000.0,3118923.0
2290,537532.5,3938569.25
2291,695115.0,8258539.5
2292,361750.0,1795852.875
2293,541195.0,4218878.0
2294,587677.5,4481923.0
2295,444937.5,2527878.75
2296,393300.0,1720699.75
2297,608205.0,5537746.0
2298,529035.0,3857596.75
2299,707675.0,7998386.0
2300,421777.5,2821748.75
2301,444222.5,2568383.5
2302,611480.0,5986555.0
2303,366417.5,1582080.75
2304,367500.0,1993780.0
2305,473165.0,3302064.75
2306,603635.0,5058749.5
2307,375895.0,2032169.75
2308,458237.5,2350658.75
2309,369230.0,1857094.125
2310,171145.0,262908.96875
2311,336747.5,1247362.875
2312,281865.0,646619.4375
2313,543350.0,4789136.0
2314,485495.0,3483695.0
2315,444680.0,2737654.75
2316,589512.5,4809740.0
2317,635662.5,5468273.5
2318,333465.0,1427760.375
2319,570300.0,5175130.5
2320,359222.5,1363849.375
2321,190365.0,311605.0625
2322,349492.5,1143497.875
2323,323302.5,1310875.125
2324,278912.5,882672.0
2325,383930.0,1864910.0
2326,414195.0,2299690.0
2327,468097.5,2523657.75
2328,365912.5,1793862.375
2329,400785.0,2175123.0
2330,419045.0,3088340.25
2331,398832.5,2203233.25
2332,199875.0,273797.0
2333,248065.0,670948.0625
2334,381385.0,1735472.25
2335,278465.0,946583.875
2336,201297.5,347617.5
2337,287432.5,889728.8125
2338,490147.5,3363034.75
2339,374005.0,2032983.875
2340,312582.5,1314848.75
2341,634217.5,5568134.0
2342,831537.5,10178412.0
2343,635222.5,6173205.0
2344,664387.5,7195718.0
2345,454925.0,2977223.0
2346,724015.0,8592234.0
2347,668292.5,6660896.5
2348,572627.5,4133096.25
2349,833885.0,10348115.0
2350,623675.0,4843357.0
2351,722790.0,7587950.5
2352,685792.5,6978583.5
2353,638552.5,6476301.0
2354,527430.0,4123125.75
2355,578552.5,4024686.25
2356,802410.0,9646119.0
2357,456202.5,3092623.25
2358,602090.0,5214518.5
2359,596650.0,4879477.5
2360,525872.5,3815969.0
2361,646642.5,6598176.0
2362,705290.0,7726555.0
2363,602317.5,5377319.5
2364,794247.5,9373260.0
2365,632977.5,5853371.0
2366,301210.0,1028097.8125
2367,408890.0,2196814.5
2368,746210.0,7686763.0
2369,465295.0,2705440.75
2370,761225.0,8029954.0
2371,699270.0,6499336.5
2372,626167.5,5846447.5
2373,661312.5,6456705.5
2374,740840.0,8940556.0
2375,561457.5,3764442.5
2376,740665.0,7919616.5
2377,761232.5,7908916.5
2378,739697.5,7738369.0
2379,699355.0,6709277.5
2380,875600.0,11654111.0
2381,759572.5,8656047.0
2382,716427.5,6529206.0
2383,566307.5,4550915.5
2384,413260.0,2240470.5
2385,850712.5,10934141.0
2386,724217.5,6753166.5
2387,581582.5,5459248.0
2388,501295.0,3256038.5
2389,621147.5,5004932.5
2390,799855.0,9511725.0
2391,681077.5,7289133.5
2392,333980.0,1324283.875
2393,691960.0,6337797.0
2394,601927.5,4644063.5
2395,614432.5,5693379.0
2396,565947.5,4522638.5
2397,237767.5,681634.875
2398,888027.5,11209522.0
2399,614225.0,4663954.5
2400,565697.5,4786498.0
2401,569110.0,4693765.0
2402,662965.0,6584834.5
2403,671497.5,6490376.0
2404,537107.5,3782989.25
2405,689157.5,7455522.5
2406,422347.5,2288526.25
2407,412720.0,1913544.75
2408,348472.5,1423064.375
2409,516230.0,3874677.25
2410,571165.0,4840009.5
2411,603277.5,4137932.5
2412,393987.5,2005879.5
2413,375612.5,1335846.625
2414,220860.0,455780.5
2415,473785.0,3224893.5
2416,388507.5,1391844.75
2417,471072.5,2834437.25
2418,700987.5,6964604.5
2419,334127.5,1141477.625
2420,534090.0,3815930.75
2421,361310.0,1562679.5
2422,299042.5,892504.3125
2423,398937.5,1781282.875
2424,392507.5,2063797.5
2425,316805.0,1242183.375
2426,238497.5,581821.5
2427,332855.0,1334903.375
2428,319742.5,1217628.625
2429,278020.0,749065.625
2430,269092.5,819937.4375
2431,283622.5,1006557.75
2432,205180.0,359603.71875
2433,257650.0,606651.0625
2434,230277.5,422248.6875
2435,327952.5,1160049.625
2436,407810.0,2212376.0
2437,445390.0,2336428.75
2438,219670.0,407125.0625
2439,210707.5,419111.71875
2440,407742.5,1785298.375
2441,261807.5,738477.0
2442,186210.0,278553.03125
2443,253570.0,594265.4375
2444,321362.5,1178198.625
2445,380042.5,2057327.25
2446,377465.0,1598202.0
2447,690455.0,6916410.0
2448,339970.0,1381992.75
2449,214780.0,391232.03125
2450,523397.5,4212690.5
2451,253437.5,793920.375
2452,346580.0,1334823.5
2453,351960.0,1573560.375
2454,640720.0,5624620.0
2455,645940.0,5469150.0
2456,397565.0,2013115.125
2457,623357.5,5469858.5
2458,523305.0,3244014.75
2459,547425.0,4472304.5
2460,475115.0,2968956.5
2461,556035.0,4640470.0
2462,840582.5,11320824.0
2463,640315.0,5278893.5
2464,786842.5,9521026.0
2465,353920.0,1688038.875
2466,647035.0,6557625.0
2467,823205.0,10352191.0
2468,481965.0,3432460.25
2469,723347.5,7050743.5
2470,344125.0,1580988.125
2471,517377.5,4246308.5
2472,519285.0,4329361.5
2473,680460.0,6550750.5
2474,665607.5,5870469.5
2475,750845.0,8263367.0
2476,732367.5,7428643.5
2477,640745.0,6150205.5
2478,659517.5,7611278.0
2479,1013037.5,12824059.0
2480,943192.5,14821731.0
2481,861055.0,11041514.0
2482,881182.5,11366260.0
2483,544330.0,4187330.25
2484,834335.0,10168358.0
2485,1109862.5,20652144.0
2486,1016230.0,14760627.0
2487,909715.0,11741093.0
2488,663397.5,5458787.5
2489,699257.5,6801835.5
2490,936342.5,12372571.0
2491,470345.0,2691825.0
2492,1078377.5,17394850.0
2493,740690.0,7823759.5
2494,913160.0,12937485.0
2495,838485.0,10505315.0
2496,767937.5,8125273.0
2497,625165.0,5603836.0
2498,390312.5,1771150.5
2499,230485.0,646712.3125
2500,696815.0,8577260.0
2501,645030.0,7415608.0
2502,951772.5,13550916.0
2503,396642.5,1941878.875
2504,473210.0,3608183.25
2505,685582.5,7669239.0
2506,732370.0,7406152.0
2507,705360.0,6672441.0
2508,350742.5,1653816.875
2509,374377.5,1729235.75
2510,792667.5,8540292.0
2511,762945.0,8901746.0
2512,716990.0,6359451.5
2513,560657.5,4963066.0
2514,351420.0,1452022.375
2515,633810.0,4691200.0
2516,590785.0,5089415.5
2517,491527.5,3047590.75
2518,498967.5,3785216.25
2519,513132.5,4286198.5
2520,679290.0,6162878.5
2521,829627.5,10761715.0
2522,587672.5,4830713.5
2523,649997.5,5897997.5
2524,642622.5,6464626.5
2525,766625.0,8005043.0
2526,485580.0,3537866.75
2527,397135.0,2089313.0
2528,369927.5,1876347.375
2529,546427.5,4360777.5
2530,621735.0,5338109.5
2531,413342.5,2700355.25
2532,329220.0,1287903.0
2533,607030.0,5063330.0
2534,268320.0,573029.6875
2535,701027.5,7579095.5
2536,650187.5,5949712.0
2537,475387.5,3312163.5
2538,230597.5,468256.625
2539,411350.0,2421739.5
2540,344572.5,1518988.0
2541,431035.0,2380798.25
2542,405007.5,2215912.75
2543,512432.5,3558329.0
2544,300535.0,1258116.125
2545,278135.0,848011.0625
2546,435345.0,2029301.0
2547,503252.5,2729259.25
2548,318437.5,1086751.25
2549,317622.5,1174376.0
2550,558952.5,3882393.75
2551,555675.0,3718608.5
2552,345952.5,1406906.375
2553,521452.5,3660378.25
2554,200622.5,309310.3125
2555,299890.0,990747.25
2556,307867.5,1094326.375
2557,353947.5,1449411.75
2558,369612.5,1595782.375
2559,254160.0,680651.9375
2560,483242.5,3149425.75
2561,264535.0,670822.6875
2562,444967.5,2471196.0
2563,335290.0,1398793.625
2564,345360.0,1496749.5
2565,431232.5,2640502.25
2566,429535.0,2849748.0
2567,411810.0,2115082.0
2568,361712.5,1726037.875
2569,293520.0,855999.375
2570,315925.0,1248059.25
2571,219230.0,481246.96875
2572,456057.5,2469037.5
2573,322282.5,1276613.375
2574,253337.5,702074.125
2575,312955.0,1366730.375
2576,528705.0,3760237.5
2577,493930.0,3019379.5
2578,453620.0,2267150.0
2579,302892.5,935036.8125
2580,346410.0,1638604.375
2581,377797.5,1931415.875
2582,482540.0,3165931.5
2583,331882.5,1372040.75
2584,224855.0,510088.21875
2585,189085.0,343744.03125
2586,413287.5,1792201.875
2587,314112.5,1167539.625
2588,528685.0,3700816.5
2589,474067.5,3089100.5
2590,309527.5,1358048.5
2591,499592.5,3713844.0
2592,512732.5,3545159.0
2593,368240.0,1578567.375
2594,236910.0,495024.75
2595,268220.0,615420.5625
2596,394985.0,1577249.0
2597,279452.5,772640.4375
2598,232065.0,497478.90625
2599,525215.0,3459436.75
2600,497190.0,3017843.25
2601,305852.5,1009035.25
2602,516195.0,3619282.25
2603,620542.5,5426576.5
2604,303352.5,1017317.9375
2605,416505.0,2437842.5
2606,328182.5,1286821.625
2607,564085.0,4368017.5
2608,627232.5,5101329.0
2609,479885.0,3111007.0
2610,509737.5,3869191.5
2611,528627.5,3606156.0
2612,467100.0,2727273.0
2613,508322.5,3587556.75
2614,423927.5,2109023.25
2615,481405.0,3016855.5
2616,454620.0,2565773.25
2617,395195.0,1978406.375
2618,582780.0,4337489.5
2619,387155.0,2036504.75
2620,328335.0,1161532.0
2621,546092.5,3621377.25
2622,408782.5,1941904.625
2623,414700.0,2209713.25
2624,402825.0,1909086.875
2625,280237.5,741532.8125
2626,373530.0,1873041.125
2627,369350.0,1569115.125
2628,577065.0,5034176.0
2629,393920.0,2013043.25
2630,473765.0,3161340.75
2631,475692.5,2963437.75
2632,649262.5,5843689.0
2633,336155.0,1222678.75
2634,340822.5,1176814.125
2635,513855.0,3892412.75
2636,552070.0,4230006.5
2637,424450.0,2179997.5
2638,420787.5,2384557.25
2639,482642.5,3158270.0
2640,447157.5,2571567.5
2641,513745.0,3723616.0
2642,538900.0,3435618.0
2643,443145.0,2305436.5
2644,506657.5,3327291.5
2645,528380.0,3994698.75
2646,507270.0,3432878.0
2647,451002.5,2599794.5
2648,297240.0,795279.4375
2649,412590.0,2108778.0
2650,390937.5,1882197.25
2651,406265.0,2162607.25
2652,319180.0,1153147.5
2653,176660.0,213226.078125
2654,254207.5,690187.0625
2655,408022.5,2169656.25
2656,245820.0,639809.6875
2657,299002.5,788910.375
2658,585060.0,5056558.5
2659,281972.5,969520.4375
2660,331457.5,1520826.5
2661,426722.5,2118681.25
2662,301747.5,1044641.8125
2663,425057.5,2363715.25
2664,263575.0,724051.8125
2665,292567.5,840808.3125
2666,480037.5,3249867.25
2667,374855.0,2044763.75
2668,600200.0,5154568.0
2669,308570.0,932670.8125
2670,308785.0,1338894.375
2671,347062.5,1575127.25
2672,295285.0,976386.1875
2673,587952.5,4732856.5
2674,470897.5,3136602.75
2675,299030.0,1023444.9375
2676,375875.0,1831153.0
2677,296980.0,1120051.25
2678,525700.0,3213761.0
2679,596950.0,5095822.0
2680,398935.0,2250641.5
2681,387732.5,2144846.75
2682,612807.5,5049959.0
2683,381010.0,1854266.5
2684,611710.0,5310838.5
2685,429055.0,2426226.5
2686,518102.5,4059504.75
2687,575230.0,4520394.0
2688,551740.0,3942984.75
2689,677730.0,6257132.0
2690,406320.0,2068809.75
2691,501532.5,3084236.0
2692,442390.0,2631721.25
2693,535632.5,3926953.0
2694,405095.0,1970856.625
2695,567420.0,4844081.5
2696,556430.0,4221751.5
2697,383912.5,1911956.125
2698,496917.5,3610695.5
2699,594277.5,4828725.5
2700,496500.0,3141938.25
2701,442835.0,2689909.5
2702,442952.5,2227757.75
2703,539205.0,3682380.75
2704,530302.5,3816798.25
2705,605367.5,4406130.0
2706,414905.0,2198280.25
2707,468820.0,2584002.25
2708,385782.5,2170318.25
2709,586012.5,4985681.0
2710,452782.5,2297377.25
2711,647260.0,5614469.0
2712,476665.0,2721435.5
2713,560482.5,4099349.75
2714,457330.0,2865370.25
2715,535935.0,3254252.25
2716,387550.0,1746704.875
2717,516772.5,3522762.75
2718,418747.5,2240988.25
2719,395115.0,1991458.0
2720,506420.0,3670035.0
2721,447242.5,2736596.5
2722,521342.5,3823192.75
2723,466757.5,2975007.0
2724,606007.5,5115222.5
2725,320545.0,1218420.5
2726,416542.5,1835028.375
2727,401062.5,1952922.5
2728,389032.5,1634823.375
2729,572227.5,4075133.25
2730,572570.0,3999059.5
2731,472090.0,3291465.0
2732,884967.5,12645361.0
2733,365802.5,1787944.125
2734,623185.0,5601655.0
2735,541715.0,3859117.0
2736,777165.0,8579816.0
2737,649640.0,6658510.0
2738,483895.0,2827108.25
2739,450427.5,2553082.0
2740,612207.5,5596828.0
2741,552702.5,4301268.5
2742,625315.0,5609776.5
2743,491607.5,2833251.25
2744,405745.0,2133508.25
2745,396030.0,1862928.25
2746,503932.5,3412029.75
2747,543202.5,3948471.5
2748,509492.5,3819018.75
2749,289777.5,1126339.5
2750,448270.0,2841371.25
2751,342155.0,1493476.75
2752,513170.0,3280728.0
2753,412927.5,1924039.75
2754,760002.5,7534833.0
2755,462595.0,2506281.5
2756,752532.5,7819271.5
2757,653342.5,5624006.5
2758,497297.5,3492877.25
2759,610455.0,6284352.0
2760,442520.0,2638563.75
2761,467362.5,2844657.25
2762,552410.0,4107420.0
2763,719650.0,7257369.5
2764,672297.5,6956740.0
2765,621640.0,5260522.0
2766,495647.5,3535685.0
2767,430522.5,2418644.75
2768,636185.0,4919771.5
2769,614567.5,4592708.0
2770,617402.5,4700692.0
2771,551585.0,3513965.75
2772,606680.0,5006810.5
2773,590940.0,4848918.0
2774,409137.5,1974413.25
2775,877007.5,10985279.0
2776,494807.5,3184296.0
2777,553587.5,4008920.5
2778,787250.0,8698149.0
2779,620712.5,5181110.0
2780,766402.5,8382034.5
2781,744707.5,7524733.0
2782,678382.5,6537115.5
2783,734497.5,9754688.0
2784,949167.5,12736131.0
2785,905260.0,10885428.0
2786,858957.5,12050516.0
2787,657197.5,6126383.5
2788,529177.5,3482202.75
2789,958797.5,14189819.0
2790,781967.5,9846704.0
2791,901222.5,13331749.0
2792,851115.0,11865718.0
2793,1275452.5,24568314.0
2794,769877.5,8868203.0
2795,818597.5,8581156.0
2796,755740.0,8518923.0
2797,841145.0,11291475.0
2798,1011197.5,15435233.0
2799,1129070.0,18058458.0
2800,683060.0,6191643.5
2801,883807.5,11168348.0
2802,904350.0,12310099.0
2803,758670.0,9021208.0
2804,1109470.0,17207116.0
2805,906597.5,11873162.0
2806,902750.0,10547350.0
2807,960340.0,12859890.0
2808,841307.5,9246203.0
2809,974742.5,14855991.0
2810,769927.5,8782710.0
2811,744447.5,7940755.0
2812,707885.0,6495594.5
2813,863327.5,10581044.0
2814,770395.0,9328639.0
2815,802682.5,9302964.0
2816,648995.0,5938593.5
2817,1076780.0,19230594.0
2818,1048102.5,14301832.0
2819,847102.5,11958243.0
2820,719330.0,7580377.5
2821,843087.5,11367465.0
2822,834737.5,9783157.0
2823,839845.0,10026289.0
2824,766742.5,8306116.5
2825,1016952.5,16864966.0
2826,515332.5,3666176.5
2827,593292.5,4382945.5
2828,816462.5,8684916.0
2829,842795.0,10105893.0
2830,612680.0,4897392.0
2831,862265.0,10864796.0
2832,653745.0,5712357.0
2833,566412.5,4502537.5
2834,409565.0,2312147.5
2835,641930.0,5999394.0
2836,696802.5,6991552.5
2837,447225.0,3051993.0
2838,571845.0,5357442.0
2839,511090.0,3831240.75
2840,914420.0,10242326.0
2841,358080.0,1751769.625
2842,511210.0,4121771.75
2843,440627.5,2564883.5
2844,455007.5,2473935.0
2845,406857.5,2239532.5
2846,604377.5,4298926.0
2847,967412.5,11966866.0
2848,351502.5,1313264.5
2849,602477.5,5023431.0
2850,391432.5,2036737.875
2851,792005.0,8641253.0
2852,611035.0,5028153.5
2853,215995.0,413441.65625
2854,330965.0,1242381.125
2855,354665.0,1206935.25
2856,394730.0,2061463.125
2857,433467.5,2604667.5
2858,546735.0,4335972.5
2859,379490.0,1727871.5
2860,249830.0,625573.4375
2861,295270.0,909108.9375
2862,390427.5,2013902.375
2863,402242.5,2034094.5
2864,497845.0,3326212.5
2865,241152.5,588460.4375
2866,440382.5,2111193.75
2867,436752.5,2477933.0
2868,306362.5,910334.5625
2869,510402.5,4048321.75
2870,470527.5,2775191.25
2871,324162.5,1275903.125
2872,472907.5,2582567.75
2873,231282.5,467450.59375
2874,600635.0,4880868.5
2875,308070.0,1047079.375
2876,511172.5,3550534.5
2877,505460.0,3695119.0
2878,503802.5,3895927.5
2879,328982.5,1482629.5
2880,448385.0,2555262.0
2881,369970.0,1896709.125
2882,398842.5,1729761.75
2883,461637.5,2537441.25
2884,277520.0,629072.0625
2885,402630.0,2278402.0
2886,484147.5,2947288.5
2887,424730.0,2336308.25
2888,449265.0,2445689.75
2889,500930.0,2978772.0
2890,383035.0,1770226.0
2891,518817.5,2725806.5
2892,453542.5,2355224.5
2893,335127.5,1293631.875
2894,320120.0,920980.625
2895,286472.5,960463.1875
2896,386110.0,1609011.625
2897,383120.0,1553152.5
2898,451017.5,2208670.0
2899,320682.5,1308439.5
2900,375900.0,1512987.25
2901,344442.5,1245230.25
2902,279980.0,733984.75
2903,249807.5,567816.625
2904,394892.5,1805855.0
2905,243790.0,613187.75
2906,372840.0,1475324.875
2907,337290.0,1227324.125
2908,324925.0,1068131.0
2909,312405.0,1001530.6875
2910,324530.0,1212363.125
2911,287395.0,839238.1875
2912,411830.0,2373947.25
2913,334835.0,1325438.25
2914,369762.5,1353149.375
2915,526500.0,3759739.0
2916,281790.0,751271.1875
2917,309900.0,1029280.5625
2918,288427.5,923607.875
2919,390005.0,1782676.125
2920,271207.5,815389.625
2921,286027.5,792900.8125
2922,600720.0,4673857.0
2923,391105.0,1694478.625
2924,318410.0,1014454.9375
2925,430987.5,2089923.25
2926,318142.5,987593.25
2927,398067.5,1705749.125
2928,460297.5,2732877.75
2929,408575.0,2092233.125
2930,431857.5,2203968.0
2931,324490.0,1103694.625
2932,271810.0,775081.875
2933,299422.5,950314.375
2934,304340.0,938955.125
2935,344817.5,1055848.0
2936,250230.0,471647.71875
2937,294905.0,1140110.125
2938,343327.5,1426328.375
2939,710247.5,7218921.5
2940,301430.0,789373.5
2941,326247.5,1011494.75
2942,370300.0,1453046.375
2943,404920.0,2146541.75
2944,567265.0,4822234.0
2945,311682.5,976558.0
2946,576602.5,4875971.5
2947,419690.0,1732728.25
2948,294830.0,917339.75
2949,570452.5,4765676.0
2950,469575.0,2327558.25
2951,376212.5,1739697.5
2952,364610.0,1486479.875
2953,743882.5,6589772.0
2954,271150.0,554160.3125
2955,289232.5,1033874.75
2956,566732.5,4072786.25
2957,297640.0,877165.8125
2958,303330.0,820772.875
2959,318157.5,1212028.75
2960,292402.5,1012808.75
2961,457485.0,2403153.75
2962,272870.0,646855.125
2963,261690.0,708769.6875
2964,248320.0,612616.0625
2965,346852.5,1296501.375
2966,373845.0,1402999.0
2967,253652.5,610144.4375
2968,265400.0,695367.0
2969,260397.5,630523.375
2970,327465.0,988972.1875
2971,375995.0,1551064.25
2972,296490.0,1068443.875
2973,582182.5,5536911.5
2974,218990.0,365154.5625
2975,404360.0,1794340.75
2976,282422.5,918664.5625
2977,227355.0,430800.65625
2978,405025.0,1920508.125
2979,330877.5,1082221.625
2980,326130.0,1189624.25
2981,271272.5,634504.125
2982,369902.5,1368752.125
2983,443327.5,2400076.75
2984,243200.0,459766.28125
2985,279447.5,723704.125
2986,459292.5,2554908.5
2987,409785.0,1856822.875
2988,327457.5,913585.6875
2989,304052.5,888604.375
2990,316657.5,887034.5
2991,273012.5,596916.4375
2992,510172.5,3454980.75
2993,373965.0,1269466.25
2994,246542.5,495626.9375
2995,385872.5,1546882.375
2996,161617.5,169806.046875
2997,418450.0,1931495.75
2998,483197.5,2918159.0
2999,584432.5,4269907.5
3000,567347.5,4469314.0
